1.2,1.25,1.3,1.325,1.4,1.425,1.5,1.525,1.6,1.65,7.6599e-05,5.3739e-05,7.0876e-05,5.84e-05,6.4629e-05,5.46e-05,6.8272e-05,5.5582e-05,7.1058e-05,5.3389e-05,0.42857,0.44643,0.46429,0.47321,0.5,0.50893,0.53571,0.54464,0.57143,0.58929,1.2,0.05,0.05,0.025,0.075,0.025,0.075,0.025,0.075,0.05,1.15,7.6599e-05,2.286e-05,1.2475e-05,1.0028e-05,1.269e-05,1.7669e-05,1.5476e-05,1.3672e-05,6.2285e-06,1.7137e-05,4.7692e-05,0.42857,0.017857,0.017857,0.0089286,0.026786,0.0089286,0.026786,0.0089286,0.026786,0.017857,0.41071,0,2.286e-05,1.7137e-05,1.2475e-05,6.2285e-06,1.0028e-05,1.3672e-05,1.269e-05,1.5476e-05,1.7669e-05,0,0.29844,0.16287,0.13092,0.16567,0.23067,0.20204,0.17848,0.081314,0.22372,0.62263,0,1,0.70156,0.92529,0.76242,0.84373,0.71281,0.8913,0.72563,0.92767,0.697
1.1,1.15,1.2,1.225,1.3,1.325,1.4,1.45,1.5,1.55,7.5093e-05,5.2144e-05,6.3712e-05,5.0639e-05,6.4844e-05,5.0949e-05,6.8664e-05,4.6822e-05,6.3821e-05,4.9257e-05,0.42308,0.44231,0.46154,0.47115,0.5,0.50962,0.53846,0.55769,0.57692,0.59615,1.1,0.05,0.05,0.025,0.075,0.025,0.075,0.05,0.05,0.05,1.05,7.5093e-05,2.2948e-05,1.3073e-05,1.3895e-05,2.1842e-05,1.4564e-05,1.6999e-05,1.7715e-05,1.4204e-05,1.1568e-05,5.2203e-05,0.42308,0.019231,0.019231,0.0096154,0.028846,0.0096154,0.028846,0.019231,0.019231,0.019231,0.40385,0,2.2948e-05,1.1568e-05,1.3073e-05,1.4204e-05,1.3895e-05,1.7715e-05,2.1842e-05,1.6999e-05,1.4564e-05,0,0.3056,0.17409,0.18504,0.29087,0.19395,0.22638,0.23591,0.18916,0.15405,0.69519,0,1,0.6944,0.84845,0.67436,0.86352,0.67848,0.91439,0.62352,0.8499,0.65595
1.1,1.125,1.2,1.225,1.3,1.325,1.4,1.45,1.5,1.55,7.6088e-05,5.7031e-05,7.1033e-05,5.4902e-05,6.7418e-05,5.4594e-05,6.9524e-05,5.1048e-05,6.5526e-05,4.836e-05,0.44,0.45,0.48,0.49,0.52,0.53,0.56,0.58,0.6,0.62,1.1,0.025,0.075,0.025,0.075,0.025,0.075,0.05,0.05,0.05,0.95,7.6088e-05,1.9057e-05,1.6131e-05,1.2824e-05,1.8476e-05,1.7166e-05,1.4478e-05,1.493e-05,1.2516e-05,1.4002e-05,4.4955e-05,0.44,0.01,0.03,0.01,0.03,0.01,0.03,0.02,0.02,0.02,0.38,0,1.9057e-05,1.4002e-05,1.6131e-05,1.2516e-05,1.2824e-05,1.493e-05,1.8476e-05,1.4478e-05,1.7166e-05,0,0.25046,0.212,0.16854,0.24282,0.2256,0.19027,0.19622,0.1645,0.18403,0.59083,0,1,0.74954,0.93356,0.72156,0.88606,0.71751,0.91373,0.67091,0.86119,0.63558
1.6,1.65,1.7,1.75,1.8,1.85,1.9,1.95,2,2.025,7.6127e-05,5.2876e-05,7.1e-05,5.0288e-05,6.7736e-05,4.8936e-05,5.3174e-05,4.4188e-05,5.1821e-05,4.4684e-05,0.48485,0.5,0.51515,0.5303,0.54545,0.56061,0.57576,0.59091,0.60606,0.61364,1.6,0.05,0.05,0.05,0.05,0.05,0.05,0.05,0.05,0.025,1.275,7.6127e-05,2.3251e-05,2.0712e-05,1.88e-05,8.9856e-06,7.1366e-06,7.6327e-06,4.2375e-06,1.7448e-05,1.8124e-05,4.4881e-05,0.48485,0.015152,0.015152,0.015152,0.015152,0.015152,0.015152,0.015152,0.015152,0.0075758,0.38636,0,2.3251e-05,1.8124e-05,2.0712e-05,1.7448e-05,1.88e-05,4.2375e-06,8.9856e-06,7.6327e-06,7.1366e-06,0,0.30542,0.27207,0.24696,0.11803,0.093746,0.10026,0.055664,0.2292,0.23808,0.58955,0,1,0.69458,0.93265,0.66058,0.88978,0.64282,0.69849,0.58045,0.68072,0.58697
0.9,0.925,1,1.025,1.1,1.15,1.2,1.225,1.3,1.325,7.411e-05,5.3951e-05,5.9836e-05,4.8238e-05,6.3211e-05,4.7805e-05,5.5572e-05,4.6543e-05,5.2646e-05,4.6461e-05,0.36,0.37,0.4,0.41,0.44,0.46,0.48,0.49,0.52,0.53,0.9,0.025,0.075,0.025,0.075,0.05,0.05,0.025,0.075,0.025,1.175,7.411e-05,2.0159e-05,1.1598e-05,1.5406e-05,9.0284e-06,6.1847e-06,6.1027e-06,7.7669e-06,1.4973e-05,5.8845e-06,5.494e-05,0.36,0.01,0.03,0.01,0.03,0.02,0.02,0.01,0.03,0.01,0.47,0,2.0159e-05,5.8845e-06,1.1598e-05,1.4973e-05,1.5406e-05,7.7669e-06,9.0284e-06,6.1027e-06,6.1847e-06,0,0.27202,0.15649,0.20788,0.12182,0.083452,0.082347,0.1048,0.20203,0.079402,0.74132,0,1,0.72798,0.80739,0.65089,0.85293,0.64505,0.74985,0.62803,0.71037,0.62692
0.9,0.95,1,1.05,1.1,1.125,1.2,1.225,1.3,1.325,9.372e-05,6.6395e-05,7.7037e-05,5.8132e-05,6.9975e-05,5.8337e-05,6.1559e-05,5.2754e-05,5.8977e-05,5.2759e-05,0.34615,0.36538,0.38462,0.40385,0.42308,0.43269,0.46154,0.47115,0.5,0.50962,0.9,0.05,0.05,0.05,0.05,0.025,0.075,0.025,0.075,0.025,1.275,9.372e-05,2.7326e-05,1.8905e-05,1.1637e-05,8.8051e-06,6.2174e-06,6.2226e-06,3.2216e-06,1.1842e-05,1.0643e-05,4.5603e-05,0.34615,0.019231,0.019231,0.019231,0.019231,0.0096154,0.028846,0.0096154,0.028846,0.0096154,0.49038,0,2.7326e-05,1.0643e-05,1.8905e-05,1.1842e-05,1.1637e-05,3.2216e-06,8.8051e-06,6.2226e-06,6.2174e-06,0,0.29156,0.20172,0.12417,0.093951,0.06634,0.066395,0.034375,0.12636,0.11356,0.48659,0,1,0.70844,0.82199,0.62027,0.74663,0.62246,0.65684,0.56289,0.62928,0.56294
1.6,1.675,1.7,1.8,1.875,2,2.025,2.1,2.125,2.2,8.054e-05,5.3662e-05,5.7753e-05,4.0899e-05,4.6501e-05,1.1826e-05,2.1289e-05,3.3002e-06,2.1166e-05,8.4076e-06,0.55172,0.57759,0.58621,0.62069,0.64655,0.68966,0.69828,0.72414,0.73276,0.75862,1.6,0.075,0.025,0.1,0.075,0.125,0.025,0.075,0.025,0.075,0.7,8.054e-05,2.6879e-05,1.6855e-05,3.4675e-05,1.7989e-05,1.2759e-05,1.7866e-05,9.4631e-06,5.6022e-06,4.0918e-06,1.3332e-05,0.55172,0.025862,0.0086207,0.034483,0.025862,0.043103,0.0086207,0.025862,0.0086207,0.025862,0.24138,0,2.6879e-05,4.0918e-06,1.6855e-05,5.6022e-06,3.4675e-05,9.4631e-06,1.7989e-05,1.7866e-05,1.2759e-05,0,0.33373,0.20927,0.43053,0.22335,0.15841,0.22183,0.11749,0.069557,0.050805,0.16553,0,1,0.66627,0.71707,0.5078,0.57736,0.14683,0.26432,0.040976,0.2628,0.10439
2,2.025,2.1,2.125,2.15,2.225,2.3,2.4,2.425,2.5,7.1622e-05,5.98e-05,6.9278e-05,5.6142e-05,5.6147e-05,5.0071e-05,5.9351e-05,3.6996e-05,3.9653e-05,2.4791e-05,0.76923,0.77885,0.80769,0.81731,0.82692,0.85577,0.88462,0.92308,0.93269,0.96154,2,0.025,0.075,0.025,0.025,0.075,0.075,0.1,0.025,0.075,0.1,7.1622e-05,1.1822e-05,1.3136e-05,6.0759e-06,2.2355e-05,1.4862e-05,2.6564e-06,9.2797e-06,5.2739e-09,9.478e-06,2.2591e-05,0.76923,0.0096154,0.028846,0.0096154,0.0096154,0.028846,0.028846,0.038462,0.0096154,0.028846,0.038462,0,1.1822e-05,9.478e-06,1.3136e-05,5.2739e-09,6.0759e-06,9.2797e-06,2.2355e-05,2.6564e-06,1.4862e-05,0,0.16506,0.18341,0.084833,0.31212,0.2075,0.037089,0.12957,7.3635e-05,0.13233,0.31541,0,1,0.83494,0.96727,0.78386,0.78394,0.69911,0.82867,0.51655,0.55364,0.34613
1.4,1.45,1.5,1.55,1.6,1.625,1.7,1.75,1.8,1.825,7.4935e-05,5.6615e-05,7.3704e-05,5.4865e-05,7.3213e-05,5.7873e-05,6.0845e-05,5.0162e-05,5.2727e-05,4.7385e-05,0.48276,0.5,0.51724,0.53448,0.55172,0.56034,0.58621,0.60345,0.62069,0.62931,1.4,0.05,0.05,0.05,0.05,0.025,0.075,0.05,0.05,0.025,1.075,7.4935e-05,1.8321e-05,1.8839e-05,1.534e-05,1.0683e-05,5.3423e-06,2.5649e-06,2.9722e-06,1.8348e-05,1.709e-05,3.7366e-05,0.48276,0.017241,0.017241,0.017241,0.017241,0.0086207,0.025862,0.017241,0.017241,0.0086207,0.37069,0,1.8321e-05,1.709e-05,1.8839e-05,1.8348e-05,1.534e-05,2.9722e-06,1.0683e-05,2.5649e-06,5.3423e-06,0,0.24449,0.25141,0.20471,0.14256,0.071292,0.034228,0.039664,0.24486,0.22806,0.49865,0,1,0.75551,0.98357,0.73216,0.97702,0.77231,0.81197,0.66941,0.70364,0.63234
1.4,1.45,1.5,1.55,1.6,1.625,1.7,1.75,1.8,1.85,6.483e-05,4.401e-05,4.8347e-05,3.8793e-05,4.254e-05,3.7215e-05,4.9693e-05,3.7361e-05,6.0477e-05,4.2999e-05,0.45161,0.46774,0.48387,0.5,0.51613,0.52419,0.54839,0.56452,0.58065,0.59677,1.4,0.05,0.05,0.05,0.05,0.025,0.075,0.05,0.05,0.05,1.25,6.483e-05,2.082e-05,9.5537e-06,5.325e-06,1.2332e-05,1.7479e-05,2.3116e-05,1.2478e-05,3.7469e-06,4.3364e-06,5.2281e-05,0.45161,0.016129,0.016129,0.016129,0.016129,0.0080645,0.024194,0.016129,0.016129,0.016129,0.40323,0,2.082e-05,4.3364e-06,9.5537e-06,3.7469e-06,5.325e-06,1.2478e-05,1.2332e-05,2.3116e-05,1.7479e-05,0,0.32115,0.14736,0.082137,0.19022,0.26961,0.35657,0.19247,0.057796,0.066888,0.80643,0,1,0.67885,0.74574,0.59837,0.65617,0.57403,0.7665,0.57629,0.93285,0.66325
0.9,0.925,1,1.025,1.1,1.125,1.2,1.225,1.25,1.325,7.3754e-05,6.0025e-05,6.7416e-05,5.4315e-05,6.3146e-05,5.1959e-05,6.2816e-05,5.4297e-05,5.6662e-05,4.8344e-05,0.34615,0.35577,0.38462,0.39423,0.42308,0.43269,0.46154,0.47115,0.48077,0.50962,0.9,0.025,0.075,0.025,0.075,0.025,0.075,0.025,0.025,0.075,1.275,7.3754e-05,1.3729e-05,1.31e-05,1.1187e-05,8.5189e-06,8.3189e-06,2.365e-06,1.0857e-05,8.8308e-06,7.3908e-06,3.9362e-05,0.34615,0.0096154,0.028846,0.0096154,0.028846,0.0096154,0.028846,0.0096154,0.0096154,0.028846,0.49038,0,1.3729e-05,7.3908e-06,1.31e-05,8.8308e-06,1.1187e-05,1.0857e-05,8.5189e-06,2.365e-06,8.3189e-06,0,0.18615,0.17762,0.15169,0.1155,0.11279,0.032066,0.14721,0.11973,0.10021,0.5337,0,1,0.81385,0.91406,0.73644,0.85617,0.70449,0.8517,0.7362,0.76826,0.65547
1.4,1.45,1.5,1.55,1.6,1.625,1.7,1.725,1.8,1.825,7.6434e-05,4.4242e-05,4.9633e-05,3.8921e-05,4.8475e-05,4.1936e-05,5.2895e-05,4.2573e-05,5.3261e-05,4.2089e-05,0.58333,0.60417,0.625,0.64583,0.66667,0.67708,0.70833,0.71875,0.75,0.76042,1.4,0.05,0.05,0.05,0.05,0.025,0.075,0.025,0.075,0.025,0.575,7.6434e-05,3.2191e-05,1.0712e-05,6.5391e-06,1.0322e-05,1.1172e-05,1.0688e-05,1.0959e-05,9.5539e-06,5.3904e-06,4.002e-05,0.58333,0.020833,0.020833,0.020833,0.020833,0.010417,0.03125,0.010417,0.03125,0.010417,0.23958,0,3.2191e-05,5.3904e-06,1.0712e-05,9.5539e-06,6.5391e-06,1.0959e-05,1.0322e-05,1.0688e-05,1.1172e-05,0,0.42117,0.14014,0.085553,0.13504,0.14617,0.13984,0.14338,0.125,0.070524,0.52359,0,1,0.57883,0.64936,0.50921,0.63421,0.54866,0.69204,0.557,0.69683,0.55067
2.2,2.25,2.3,2.35,2.4,2.425,2.475,2.65,2.7,2.8,6.2691e-05,3.8145e-05,4.9856e-05,3.586e-05,4.5194e-05,3.9323e-05,4.1861e-05,2.5529e-05,3.1051e-05,2.3704e-06,0.66667,0.68182,0.69697,0.71212,0.72727,0.73485,0.75,0.80303,0.81818,0.84848,2.2,0.05,0.05,0.05,0.05,0.025,0.05,0.175,0.05,0.1,0.5,6.2691e-05,2.4545e-05,1.3997e-05,5.8709e-06,1.6332e-05,3.3421e-05,5.5216e-06,2.5376e-06,9.3345e-06,1.1711e-05,5.4859e-06,0.66667,0.015152,0.015152,0.015152,0.015152,0.0075758,0.015152,0.05303,0.015152,0.030303,0.15152,0,2.4545e-05,1.1711e-05,1.3997e-05,9.3345e-06,5.8709e-06,2.5376e-06,1.6332e-05,5.5216e-06,3.3421e-05,0,0.39153,0.22327,0.09365,0.26052,0.53311,0.088078,0.040479,0.1489,0.18681,0.087508,0,1,0.60847,0.79528,0.57201,0.72091,0.62726,0.66774,0.40722,0.4953,0.037811
0.8,0.825,0.9,0.925,1,1.025,1.1,1.125,1.2,1.225,8.6786e-05,6.3908e-05,7.276e-05,5.3753e-05,6.012e-05,5.0946e-05,6.0057e-05,4.8218e-05,5.6298e-05,4.6541e-05,0.32,0.33,0.36,0.37,0.4,0.41,0.44,0.45,0.48,0.49,0.8,0.025,0.075,0.025,0.075,0.025,0.075,0.025,0.075,0.025,1.275,8.6786e-05,2.2878e-05,1.9007e-05,9.1739e-06,1.1839e-05,9.7574e-06,8.0801e-06,9.1111e-06,6.3664e-06,8.8524e-06,5.9429e-05,0.32,0.01,0.03,0.01,0.03,0.01,0.03,0.01,0.03,0.01,0.51,0,2.2878e-05,8.8524e-06,1.9007e-05,6.3664e-06,9.1739e-06,9.1111e-06,1.1839e-05,8.0801e-06,9.7574e-06,0,0.26362,0.21901,0.10571,0.13641,0.11243,0.093104,0.10498,0.073357,0.102,0.68477,0,1,0.73638,0.83839,0.61938,0.69274,0.58703,0.69201,0.5556,0.6487,0.53627
0.9,0.95,1,1.05,1.1,1.15,1.2,1.225,1.3,1.325,0.00010033,7.2068e-05,9.4527e-05,6.5896e-05,8.4354e-05,6.383e-05,6.5717e-05,5.7382e-05,6.1353e-05,5.5729e-05,0.34615,0.36538,0.38462,0.40385,0.42308,0.44231,0.46154,0.47115,0.5,0.50962,0.9,0.05,0.05,0.05,0.05,0.05,0.05,0.025,0.075,0.025,1.275,0.00010033,2.8261e-05,2.8631e-05,2.0524e-05,8.3353e-06,5.6245e-06,3.9717e-06,1.8867e-06,1.8458e-05,2.2459e-05,3.6994e-05,0.34615,0.019231,0.019231,0.019231,0.019231,0.019231,0.019231,0.0096154,0.028846,0.0096154,0.49038,0,2.8261e-05,2.2459e-05,2.8631e-05,1.8458e-05,2.0524e-05,1.8867e-06,8.3353e-06,3.9717e-06,5.6245e-06,0,0.28168,0.28537,0.20456,0.08308,0.056061,0.039587,0.018805,0.18398,0.22386,0.36873,0,1,0.71832,0.94217,0.6568,0.84078,0.63621,0.65502,0.57194,0.61153,0.55547
1.1,1.15,1.2,1.225,1.3,1.325,1.4,1.475,1.5,1.525,6.5171e-05,4.7111e-05,5.641e-05,4.3887e-05,5.246e-05,4.176e-05,5.2969e-05,4.1129e-05,4.2321e-05,3.958e-05,0.39286,0.41071,0.42857,0.4375,0.46429,0.47321,0.5,0.52679,0.53571,0.54464,1.1,0.05,0.05,0.025,0.075,0.025,0.075,0.075,0.025,0.025,1.275,6.5171e-05,1.806e-05,1.2523e-05,1.07e-05,1.1841e-05,2.7413e-06,1.1919e-06,1.1209e-05,8.573e-06,9.2987e-06,4.277e-05,0.39286,0.017857,0.017857,0.0089286,0.026786,0.0089286,0.026786,0.026786,0.0089286,0.0089286,0.45536,0,1.806e-05,9.2987e-06,1.2523e-05,8.573e-06,1.07e-05,1.1209e-05,1.1841e-05,1.1919e-06,2.7413e-06,0,0.27712,0.19215,0.16418,0.18168,0.042063,0.018289,0.172,0.13155,0.14268,0.65627,0,1,0.72288,0.86557,0.67341,0.80496,0.64078,0.81278,0.63109,0.64938,0.60732
2.2,2.25,2.3,2.35,2.4,2.425,2.45,2.6,2.625,2.7,7.2853e-05,4.7354e-05,5.2436e-05,4.2394e-05,4.8128e-05,4.5844e-05,4.7145e-05,2.0194e-05,2.6838e-05,4.1252e-06,0.78571,0.80357,0.82143,0.83929,0.85714,0.86607,0.875,0.92857,0.9375,0.96429,2.2,0.05,0.05,0.05,0.05,0.025,0.025,0.15,0.025,0.075,0.1,7.2853e-05,2.5499e-05,1.0042e-05,2.2842e-06,2.6951e-05,2.2713e-05,6.6443e-06,1.3017e-06,5.7333e-06,5.082e-06,6.4694e-06,0.78571,0.017857,0.017857,0.017857,0.017857,0.0089286,0.0089286,0.053571,0.0089286,0.026786,0.035714,0,2.5499e-05,5.082e-06,1.0042e-05,5.7333e-06,2.2842e-06,1.3017e-06,2.6951e-05,6.6443e-06,2.2713e-05,0,0.35,0.13784,0.031353,0.36994,0.31177,0.091201,0.017868,0.078697,0.069756,0.088801,0,1,0.65,0.71976,0.58192,0.66061,0.62926,0.64713,0.27719,0.36839,0.056624
2.2,2.325,2.35,2.375,2.4,2.425,2.5,2.55,2.6,2.7,6.7366e-05,4.462e-05,4.4854e-05,4.4643e-05,4.4749e-05,4.322e-05,4.801e-05,4.1905e-05,4.4238e-05,1.6318e-05,0.70968,0.75,0.75806,0.76613,0.77419,0.78226,0.80645,0.82258,0.83871,0.87097,2.2,0.125,0.025,0.025,0.025,0.025,0.075,0.05,0.05,0.1,0.4,6.7366e-05,2.2746e-05,2.1091e-07,1.5287e-06,6.1045e-06,2.7921e-05,2.3329e-06,4.7896e-06,1.0595e-07,2.3373e-07,1.5023e-05,0.70968,0.040323,0.0080645,0.0080645,0.0080645,0.0080645,0.024194,0.016129,0.016129,0.032258,0.12903,0,2.2746e-05,2.3373e-07,2.1091e-07,1.0595e-07,1.5287e-06,4.7896e-06,6.1045e-06,2.3329e-06,2.7921e-05,0,0.33764,0.0031308,0.022692,0.090618,0.41446,0.03463,0.071098,0.0015727,0.0034695,0.22301,0,1,0.66236,0.66583,0.6627,0.66427,0.64158,0.71267,0.62206,0.65669,0.24222
1.1,1.125,1.2,1.225,1.3,1.325,1.4,1.45,1.5,1.55,7.3903e-05,5.5828e-05,6.3021e-05,5.145e-05,6.4676e-05,5.3184e-05,6.2208e-05,4.8177e-05,6.6098e-05,4.9767e-05,0.40741,0.41667,0.44444,0.4537,0.48148,0.49074,0.51852,0.53704,0.55556,0.57407,1.1,0.025,0.075,0.025,0.075,0.025,0.075,0.05,0.05,0.05,1.15,7.3903e-05,1.8074e-05,1.1571e-05,1.1492e-05,1.4031e-05,1.6331e-05,1.7921e-05,9.024e-06,1.3227e-05,7.193e-06,6.2088e-05,0.40741,0.0092593,0.027778,0.0092593,0.027778,0.0092593,0.027778,0.018519,0.018519,0.018519,0.42593,0,1.8074e-05,7.193e-06,1.1571e-05,1.3227e-05,1.1492e-05,9.024e-06,1.4031e-05,1.7921e-05,1.6331e-05,0,0.24457,0.15658,0.15551,0.18986,0.22098,0.24249,0.12211,0.17897,0.097331,0.84013,0,1,0.75543,0.85276,0.69618,0.87516,0.71965,0.84176,0.6519,0.89439,0.67341
1.1,1.15,1.2,1.225,1.3,1.325,1.4,1.425,1.5,1.55,8.3356e-05,6.5921e-05,8.1379e-05,6.4221e-05,7.8367e-05,6.6737e-05,7.7613e-05,6.2619e-05,7.6355e-05,6.1941e-05,0.36667,0.38333,0.4,0.40833,0.43333,0.44167,0.46667,0.475,0.5,0.51667,1.1,0.05,0.05,0.025,0.075,0.025,0.075,0.025,0.075,0.05,1.45,8.3356e-05,1.7435e-05,1.7157e-05,1.1629e-05,1.4995e-05,1.4414e-05,1.3736e-05,1.0876e-05,1.4145e-05,1.5458e-05,5.2971e-05,0.36667,0.016667,0.016667,0.0083333,0.025,0.0083333,0.025,0.0083333,0.025,0.016667,0.48333,0,1.7435e-05,1.5458e-05,1.7157e-05,1.4145e-05,1.1629e-05,1.0876e-05,1.4995e-05,1.3736e-05,1.4414e-05,0,0.20916,0.20583,0.13951,0.17989,0.17292,0.16479,0.13048,0.1697,0.18544,0.63547,0,1,0.79084,0.97628,0.77044,0.94014,0.80063,0.93111,0.75122,0.91601,0.74309
1.3,1.325,1.4,1.425,1.5,1.525,1.55,1.625,1.7,1.725,7.318e-05,5.5435e-05,7.2266e-05,5.5475e-05,6.557e-05,5.3379e-05,5.4453e-05,4.704e-05,6.5179e-05,5.2137e-05,0.44828,0.4569,0.48276,0.49138,0.51724,0.52586,0.53448,0.56034,0.58621,0.59483,1.3,0.025,0.075,0.025,0.075,0.025,0.025,0.075,0.075,0.025,1.175,7.318e-05,1.7746e-05,1.6791e-05,1.2191e-05,7.4129e-06,1.3042e-05,1.8138e-05,1.0739e-06,1.0095e-05,1.6832e-05,5.1807e-05,0.44828,0.0086207,0.025862,0.0086207,0.025862,0.0086207,0.0086207,0.025862,0.025862,0.0086207,0.40517,0,1.7746e-05,1.6832e-05,1.6791e-05,1.0095e-05,1.2191e-05,1.0739e-06,7.4129e-06,1.8138e-05,1.3042e-05,0,0.24249,0.22945,0.16659,0.1013,0.17822,0.24786,0.014674,0.13795,0.23,0.70793,0,1,0.75751,0.98751,0.75806,0.89601,0.72942,0.7441,0.6428,0.89066,0.71244
1.3,1.325,1.4,1.425,1.5,1.525,1.6,1.65,1.7,1.75,7.555e-05,5.966e-05,6.326e-05,5.4425e-05,6.1769e-05,5.4898e-05,6.8649e-05,5.4316e-05,6.032e-05,5.1353e-05,0.48148,0.49074,0.51852,0.52778,0.55556,0.56481,0.59259,0.61111,0.62963,0.64815,1.3,0.025,0.075,0.025,0.075,0.025,0.075,0.05,0.05,0.05,0.95,7.555e-05,1.589e-05,8.8349e-06,6.8704e-06,1.4333e-05,8.9671e-06,6.0041e-06,1.3751e-05,7.3433e-06,3.6004e-06,4.9471e-05,0.48148,0.0092593,0.027778,0.0092593,0.027778,0.0092593,0.027778,0.018519,0.018519,0.018519,0.35185,0,1.589e-05,3.6004e-06,8.8349e-06,7.3433e-06,6.8704e-06,1.3751e-05,1.4333e-05,6.0041e-06,8.9671e-06,0,0.21032,0.11694,0.090939,0.18972,0.11869,0.079472,0.18201,0.097198,0.047656,0.65482,0,1,0.78968,0.83733,0.72039,0.81759,0.72665,0.90867,0.71895,0.79842,0.67973
1.2,1.25,1.3,1.375,1.4,1.425,1.5,1.525,1.6,1.65,7.8694e-05,5.7697e-05,6.2489e-05,4.9197e-05,5.0417e-05,4.7291e-05,5.0672e-05,4.5942e-05,6.7353e-05,5.0604e-05,0.5,0.52083,0.54167,0.57292,0.58333,0.59375,0.625,0.63542,0.66667,0.6875,1.2,0.05,0.05,0.075,0.025,0.025,0.075,0.025,0.075,0.05,0.75,7.8694e-05,2.0997e-05,1.3292e-05,3.1258e-06,4.7302e-06,1.6749e-05,2.1411e-05,3.3812e-06,1.2198e-06,4.7924e-06,5.6754e-05,0.5,0.020833,0.020833,0.03125,0.010417,0.010417,0.03125,0.010417,0.03125,0.020833,0.3125,0,2.0997e-05,4.7924e-06,1.3292e-05,1.2198e-06,3.1258e-06,3.3812e-06,4.7302e-06,2.1411e-05,1.6749e-05,0,0.26682,0.1689,0.039722,0.060108,0.21284,0.27207,0.042967,0.015501,0.060899,0.72119,0,1,0.73318,0.79408,0.62517,0.64067,0.60095,0.64392,0.58381,0.85588,0.64305
1.4,1.425,1.5,1.525,1.6,1.625,1.7,1.725,1.8,1.85,7.9368e-05,6.4024e-05,7.2544e-05,6.1195e-05,6.6978e-05,5.9253e-05,6.0915e-05,5.6208e-05,7.202e-05,5.9934e-05,0.56,0.57,0.6,0.61,0.64,0.65,0.68,0.69,0.72,0.74,1.4,0.025,0.075,0.025,0.075,0.025,0.075,0.025,0.075,0.05,0.65,7.9368e-05,1.5344e-05,1.1349e-05,7.725e-06,4.7065e-06,1.2086e-05,1.5812e-05,1.6615e-06,5.7831e-06,8.5201e-06,5.1417e-05,0.56,0.01,0.03,0.01,0.03,0.01,0.03,0.01,0.03,0.02,0.26,0,1.5344e-05,8.5201e-06,1.1349e-05,5.7831e-06,7.725e-06,1.6615e-06,4.7065e-06,1.5812e-05,1.2086e-05,0,0.19333,0.14299,0.097331,0.059299,0.15228,0.19922,0.020934,0.072865,0.10735,0.64782,0,1,0.80667,0.91402,0.77103,0.84389,0.74656,0.76749,0.70819,0.90742,0.75514
1.5,1.55,1.6,1.625,1.7,1.725,1.8,1.825,1.9,1.95,6.8856e-05,5.2549e-05,6.0792e-05,5.0968e-05,5.664e-05,4.8529e-05,5.5056e-05,4.6271e-05,6.2285e-05,5.2325e-05,0.46875,0.48438,0.5,0.50781,0.53125,0.53906,0.5625,0.57031,0.59375,0.60938,1.5,0.05,0.05,0.025,0.075,0.025,0.075,0.025,0.075,0.05,1.25,6.8856e-05,1.6308e-05,9.8238e-06,8.1109e-06,8.7843e-06,9.9595e-06,1.6013e-05,6.5263e-06,5.6724e-06,8.2431e-06,4.6615e-05,0.46875,0.015625,0.015625,0.0078125,0.023438,0.0078125,0.023438,0.0078125,0.023438,0.015625,0.39063,0,1.6308e-05,8.2431e-06,9.8238e-06,5.6724e-06,8.1109e-06,6.5263e-06,8.7843e-06,1.6013e-05,9.9595e-06,0,0.23684,0.14267,0.1178,0.12757,0.14464,0.23256,0.094782,0.08238,0.11971,0.67699,0,1,0.76316,0.88288,0.74021,0.82259,0.70479,0.79957,0.672,0.90456,0.75992
1.6,1.65,1.7,1.725,1.775,2,2.05,2.1,2.125,2.2,7.6457e-05,6.0909e-05,6.7382e-05,5.6633e-05,5.7333e-05,3.8492e-05,4.6375e-05,3.9723e-05,4.066e-05,2.0851e-05,0.66667,0.6875,0.70833,0.71875,0.73958,0.83333,0.85417,0.875,0.88542,0.91667,1.6,0.05,0.05,0.025,0.05,0.225,0.05,0.05,0.025,0.075,0.2,7.6457e-05,1.5548e-05,1.0749e-05,1.8841e-05,6.652e-06,1.9808e-05,9.3685e-07,7.883e-06,6.9989e-07,6.4729e-06,2.1589e-05,0.66667,0.020833,0.020833,0.010417,0.020833,0.09375,0.020833,0.020833,0.010417,0.03125,0.083333,0,1.5548e-05,6.4729e-06,1.0749e-05,6.9989e-07,1.8841e-05,7.883e-06,6.652e-06,9.3685e-07,1.9808e-05,0,0.20336,0.14058,0.24643,0.087003,0.25908,0.012253,0.1031,0.009154,0.084661,0.28236,0,1,0.79664,0.8813,0.74071,0.74987,0.50344,0.60655,0.51954,0.5318,0.27272
1.5,1.55,1.6,1.625,1.7,1.725,1.8,1.825,1.9,2.1,8.0234e-05,5.7645e-05,7.946e-05,6.4576e-05,7.4353e-05,6.0602e-05,6.715e-05,5.8441e-05,6.3876e-05,4.304e-05,0.57692,0.59615,0.61538,0.625,0.65385,0.66346,0.69231,0.70192,0.73077,0.80769,1.5,0.05,0.05,0.025,0.075,0.025,0.075,0.025,0.075,0.2,0.5,8.0234e-05,2.2589e-05,1.4884e-05,1.375e-05,8.7087e-06,2.0836e-05,5.4346e-06,6.5475e-06,9.7763e-06,2.1815e-05,2.9504e-05,0.57692,0.019231,0.019231,0.0096154,0.028846,0.0096154,0.028846,0.0096154,0.028846,0.076923,0.19231,0,2.2589e-05,2.1815e-05,1.4884e-05,9.7763e-06,1.375e-05,6.5475e-06,8.7087e-06,5.4346e-06,2.0836e-05,0,0.28154,0.1855,0.17138,0.10854,0.25969,0.067735,0.081605,0.12185,0.27189,0.36772,0,1,0.71846,0.99035,0.80485,0.9267,0.75532,0.83692,0.72838,0.79612,0.53643
1.5,1.55,1.6,1.625,1.7,1.725,1.8,1.825,1.9,1.925,7.5001e-05,5.4893e-05,6.0297e-05,5.2944e-05,6.3254e-05,5.0681e-05,5.9757e-05,4.9436e-05,5.4362e-05,4.6404e-05,0.57692,0.59615,0.61538,0.625,0.65385,0.66346,0.69231,0.70192,0.73077,0.74038,1.5,0.05,0.05,0.025,0.075,0.025,0.075,0.025,0.075,0.025,0.675,7.5001e-05,2.0108e-05,7.3523e-06,1.2572e-05,1.0321e-05,7.9574e-06,4.9253e-06,9.0758e-06,1.0309e-05,5.4035e-06,5.3921e-05,0.57692,0.019231,0.019231,0.0096154,0.028846,0.0096154,0.028846,0.0096154,0.028846,0.0096154,0.25962,0,2.0108e-05,5.4035e-06,7.3523e-06,1.0309e-05,1.2572e-05,9.0758e-06,1.0321e-05,4.9253e-06,7.9574e-06,0,0.2681,0.098029,0.16763,0.13761,0.1061,0.06567,0.12101,0.13746,0.072046,0.71894,0,1,0.7319,0.80395,0.70592,0.84337,0.67574,0.79675,0.65914,0.72481,0.61871
1.6,1.65,1.7,1.75,1.8,1.825,1.9,1.95,2,2.075,8.0523e-05,5.6612e-05,6.8139e-05,5.6323e-05,7.3717e-05,6.2269e-05,6.9828e-05,5.7037e-05,5.939e-05,5.0581e-05,0.59259,0.61111,0.62963,0.64815,0.66667,0.67593,0.7037,0.72222,0.74074,0.76852,1.6,0.05,0.05,0.05,0.05,0.025,0.075,0.05,0.05,0.075,0.625,8.0523e-05,2.3912e-05,1.1815e-05,1.1448e-05,1.2791e-05,8.809e-06,2.3532e-06,7.5588e-06,1.7394e-05,1.1527e-05,4.3208e-05,0.59259,0.018519,0.018519,0.018519,0.018519,0.0092593,0.027778,0.018519,0.018519,0.027778,0.23148,0,2.3912e-05,1.1527e-05,1.1815e-05,1.7394e-05,1.1448e-05,7.5588e-06,1.2791e-05,2.3532e-06,8.809e-06,0,0.29695,0.14673,0.14217,0.15885,0.1094,0.029224,0.093871,0.21601,0.14315,0.53659,0,1,0.70305,0.8462,0.69947,0.91548,0.7733,0.86718,0.70833,0.73755,0.62816
1.2,1.25,1.3,1.35,1.4,1.425,1.5,1.55,1.6,1.625,7.3482e-05,5.2526e-05,6.1763e-05,5.0521e-05,5.5005e-05,4.7051e-05,6.4481e-05,4.7388e-05,7.21e-05,5.7684e-05,0.41379,0.43103,0.44828,0.46552,0.48276,0.49138,0.51724,0.53448,0.55172,0.56034,1.2,0.05,0.05,0.05,0.05,0.025,0.075,0.05,0.05,0.025,1.275,7.3482e-05,2.0956e-05,1.1242e-05,7.9532e-06,1.7093e-05,1.4416e-05,2.4712e-05,1.7429e-05,4.4833e-06,9.2372e-06,5.2762e-05,0.41379,0.017241,0.017241,0.017241,0.017241,0.0086207,0.025862,0.017241,0.017241,0.0086207,0.43966,0,2.0956e-05,9.2372e-06,1.1242e-05,4.4833e-06,7.9532e-06,1.7429e-05,1.7093e-05,2.4712e-05,1.4416e-05,0,0.28518,0.15299,0.10823,0.23261,0.19618,0.3363,0.23719,0.061012,0.12571,0.71802,0,1,0.71482,0.84053,0.68754,0.74855,0.64031,0.87751,0.6449,0.9812,0.78502
1.1,1.125,1.2,1.25,1.3,1.325,1.4,1.45,1.5,1.55,8.2714e-05,5.9759e-05,8.2143e-05,5.8941e-05,6.7995e-05,5.3042e-05,6.4438e-05,5.1637e-05,5.4388e-05,4.4817e-05,0.45833,0.46875,0.5,0.52083,0.54167,0.55208,0.58333,0.60417,0.625,0.64583,1.1,0.025,0.075,0.05,0.05,0.025,0.075,0.05,0.05,0.05,0.85,8.2714e-05,2.2955e-05,2.3202e-05,1.4952e-05,1.2801e-05,9.5709e-06,2.751e-06,1.1395e-05,9.0534e-06,2.2384e-05,4.4372e-05,0.45833,0.010417,0.03125,0.020833,0.020833,0.010417,0.03125,0.020833,0.020833,0.020833,0.35417,0,2.2955e-05,2.2384e-05,2.3202e-05,9.0534e-06,1.4952e-05,1.1395e-05,1.2801e-05,2.751e-06,9.5709e-06,0,0.27752,0.28051,0.18077,0.15476,0.11571,0.033259,0.13777,0.10945,0.27062,0.53644,0,1,0.72248,0.9931,0.71259,0.82204,0.64127,0.77904,0.62428,0.65754,0.54183
0.8,0.825,0.9,0.925,1,1.025,1.1,1.125,1.2,1.225,7.9362e-05,6.154e-05,7.4503e-05,5.6508e-05,6.7471e-05,5.21e-05,5.7574e-05,5.0257e-05,5.5806e-05,5.1691e-05,0.33333,0.34375,0.375,0.38542,0.41667,0.42708,0.45833,0.46875,0.5,0.51042,0.8,0.025,0.075,0.025,0.075,0.025,0.075,0.025,0.075,0.025,1.175,7.9362e-05,1.7822e-05,1.7995e-05,1.537e-05,7.3167e-06,4.1143e-06,5.5485e-06,5.4736e-06,1.0963e-05,1.2963e-05,4.495e-05,0.33333,0.010417,0.03125,0.010417,0.03125,0.010417,0.03125,0.010417,0.03125,0.010417,0.48958,0,1.7822e-05,1.2963e-05,1.7995e-05,1.0963e-05,1.537e-05,5.4736e-06,7.3167e-06,5.5485e-06,4.1143e-06,0,0.22457,0.22675,0.19367,0.092195,0.051842,0.069914,0.06897,0.13814,0.16335,0.56639,0,1,0.77543,0.93878,0.71203,0.85017,0.65649,0.72546,0.63327,0.70318,0.65134
1.1,1.15,1.2,1.25,1.3,1.325,1.4,1.45,1.5,1.55,8.5484e-05,5.1595e-05,5.4402e-05,4.173e-05,4.5789e-05,3.9107e-05,5.5215e-05,4.034e-05,7.5842e-05,5.0484e-05,0.39286,0.41071,0.42857,0.44643,0.46429,0.47321,0.5,0.51786,0.53571,0.55357,1.1,0.05,0.05,0.05,0.05,0.025,0.075,0.05,0.05,0.05,1.25,8.5484e-05,3.3889e-05,1.2672e-05,6.6822e-06,1.4875e-05,2.5358e-05,3.5501e-05,1.6109e-05,4.0586e-06,2.8071e-06,7.3805e-05,0.39286,0.017857,0.017857,0.017857,0.017857,0.0089286,0.026786,0.017857,0.017857,0.017857,0.44643,0,3.3889e-05,2.8071e-06,1.2672e-05,4.0586e-06,6.6822e-06,1.6109e-05,1.4875e-05,3.5501e-05,2.5358e-05,0,0.39644,0.14824,0.078169,0.17401,0.29664,0.4153,0.18844,0.047477,0.032838,0.86338,0,1,0.60356,0.6364,0.48816,0.53564,0.45747,0.64591,0.4719,0.8872,0.59056
1.2,1.25,1.3,1.35,1.4,1.45,1.5,1.575,1.6,1.625,7.631e-05,5.8228e-05,7.1216e-05,5.4573e-05,7.308e-05,5.6651e-05,6.9321e-05,5.2465e-05,5.3374e-05,5.2171e-05,0.44444,0.46296,0.48148,0.5,0.51852,0.53704,0.55556,0.58333,0.59259,0.60185,1.2,0.05,0.05,0.05,0.05,0.05,0.05,0.075,0.025,0.025,1.075,7.631e-05,1.8083e-05,1.6643e-05,1.6428e-05,1.6857e-05,1.2031e-06,9.0958e-07,1.267e-05,1.8507e-05,1.2988e-05,5.7425e-05,0.44444,0.018519,0.018519,0.018519,0.018519,0.018519,0.018519,0.027778,0.0092593,0.0092593,0.39815,0,1.8083e-05,1.2988e-05,1.6643e-05,1.8507e-05,1.6428e-05,1.267e-05,1.6857e-05,9.0958e-07,1.2031e-06,0,0.23696,0.2181,0.21528,0.22089,0.015766,0.01192,0.16603,0.24252,0.1702,0.75251,0,1,0.76304,0.93324,0.71514,0.95766,0.74238,0.90841,0.68751,0.69943,0.68367
1,1.025,1.1,1.125,1.2,1.25,1.3,1.325,1.4,1.45,8.5125e-05,6.4787e-05,7.3642e-05,6.0377e-05,7.7491e-05,5.8731e-05,6.1422e-05,5.3949e-05,5.6577e-05,5.1161e-05,0.41667,0.42708,0.45833,0.46875,0.5,0.52083,0.54167,0.55208,0.58333,0.60417,1,0.025,0.075,0.025,0.075,0.05,0.05,0.025,0.075,0.05,0.95,8.5125e-05,2.0337e-05,1.3265e-05,1.8761e-05,7.4738e-06,5.416e-06,2.6282e-06,2.6918e-06,1.7114e-05,8.8549e-06,4.1402e-05,0.41667,0.010417,0.03125,0.010417,0.03125,0.020833,0.020833,0.010417,0.03125,0.020833,0.39583,0,2.0337e-05,8.8549e-06,1.3265e-05,1.7114e-05,1.8761e-05,2.6918e-06,7.4738e-06,2.6282e-06,5.416e-06,0,0.23891,0.15583,0.22039,0.087797,0.063624,0.030875,0.031622,0.20104,0.10402,0.48637,0,1,0.76109,0.86511,0.70928,0.91032,0.68993,0.72156,0.63376,0.66463,0.60101
0.7,0.75,0.8,0.825,0.9,0.925,1,1.025,1.1,1.125,8.4273e-05,5.2995e-05,6.9501e-05,5.5089e-05,5.9687e-05,4.7119e-05,5.1039e-05,4.4018e-05,4.5791e-05,4.1379e-05,0.28,0.3,0.32,0.33,0.36,0.37,0.4,0.41,0.44,0.45,0.7,0.05,0.05,0.025,0.075,0.025,0.075,0.025,0.075,0.025,1.375,8.4273e-05,3.1278e-05,1.4412e-05,1.2567e-05,7.0207e-06,4.4123e-06,1.7731e-06,3.9196e-06,4.5981e-06,1.6506e-05,2.764e-05,0.28,0.02,0.02,0.01,0.03,0.01,0.03,0.01,0.03,0.01,0.55,0,3.1278e-05,1.6506e-05,1.4412e-05,4.5981e-06,1.2567e-05,3.9196e-06,7.0207e-06,1.7731e-06,4.4123e-06,0,0.37115,0.17101,0.14913,0.083309,0.052357,0.02104,0.046511,0.054562,0.19586,0.32799,0,1,0.62885,0.82471,0.65369,0.70826,0.55913,0.60564,0.52233,0.54337,0.49101
1,1.05,1.1,1.15,1.2,1.225,1.3,1.325,1.35,1.4,5.7853e-05,4.205e-05,4.4572e-05,3.5631e-05,3.8396e-05,3.5596e-05,4.5655e-05,4.094e-05,4.1897e-05,3.3991e-05,0.38462,0.40385,0.42308,0.44231,0.46154,0.47115,0.5,0.50962,0.51923,0.53846,1,0.05,0.05,0.05,0.05,0.025,0.075,0.025,0.025,0.05,1.2,5.7853e-05,1.5803e-05,8.9412e-06,2.8001e-06,4.7149e-06,7.9067e-06,9.5723e-07,1.0059e-05,2.7651e-06,2.5221e-06,3.6558e-05,0.38462,0.019231,0.019231,0.019231,0.019231,0.0096154,0.028846,0.0096154,0.0096154,0.019231,0.46154,0,1.5803e-05,2.5221e-06,8.9412e-06,2.7651e-06,2.8001e-06,1.0059e-05,4.7149e-06,9.5723e-07,7.9067e-06,0,0.27315,0.15455,0.0484,0.081498,0.13667,0.016546,0.17387,0.047796,0.043595,0.6319,0,1,0.72685,0.77044,0.61589,0.66369,0.61529,0.78916,0.70766,0.7242,0.58754
1.7,1.75,1.8,1.825,1.9,1.925,2,2.05,2.1,2.125,6.9425e-05,4.9072e-05,5.6032e-05,4.4537e-05,5.5252e-05,4.6813e-05,5.5016e-05,4.3433e-05,4.8285e-05,4.0942e-05,0.56667,0.58333,0.6,0.60833,0.63333,0.64167,0.66667,0.68333,0.7,0.70833,1.7,0.05,0.05,0.025,0.075,0.025,0.075,0.05,0.05,0.025,0.875,6.9425e-05,2.0353e-05,1.1495e-05,8.4389e-06,1.1584e-05,7.3431e-06,4.8525e-06,8.2031e-06,1.0716e-05,6.9601e-06,4.3574e-05,0.56667,0.016667,0.016667,0.0083333,0.025,0.0083333,0.025,0.016667,0.016667,0.0083333,0.29167,0,2.0353e-05,6.9601e-06,1.1495e-05,1.0716e-05,8.4389e-06,8.2031e-06,1.1584e-05,4.8525e-06,7.3431e-06,0,0.29316,0.16558,0.12155,0.16685,0.10577,0.069895,0.11816,0.15435,0.10025,0.62765,0,1,0.70684,0.80709,0.64151,0.79586,0.6743,0.79246,0.62561,0.6955,0.58973
1.7,1.75,1.8,1.825,1.9,1.925,2,2.075,2.1,2.125,6.2184e-05,4.5986e-05,5.0249e-05,4.3961e-05,5.2934e-05,4.56e-05,5.6182e-05,4.2408e-05,4.5705e-05,4.489e-05,0.51515,0.5303,0.54545,0.55303,0.57576,0.58333,0.60606,0.62879,0.63636,0.64394,1.7,0.05,0.05,0.025,0.075,0.025,0.075,0.075,0.025,0.025,1.175,6.2184e-05,1.6198e-05,6.2881e-06,7.3342e-06,1.3774e-05,8.1479e-07,3.2968e-06,1.0582e-05,8.9728e-06,4.2639e-06,4.3227e-05,0.51515,0.015152,0.015152,0.0075758,0.022727,0.0075758,0.022727,0.022727,0.0075758,0.0075758,0.35606,0,1.6198e-05,4.2639e-06,6.2881e-06,8.9728e-06,7.3342e-06,1.0582e-05,1.3774e-05,3.2968e-06,8.1479e-07,0,0.26049,0.10112,0.11794,0.2215,0.013103,0.053018,0.17017,0.14429,0.068569,0.69515,0,1,0.73951,0.80808,0.70696,0.85125,0.73331,0.90348,0.68198,0.735,0.7219
1.3,1.35,1.4,1.45,1.5,1.525,1.6,1.65,1.7,1.725,6.49e-05,4.462e-05,4.7024e-05,4.0606e-05,4.7294e-05,4.2582e-05,5.575e-05,4.4971e-05,5.2842e-05,4.7227e-05,0.44828,0.46552,0.48276,0.5,0.51724,0.52586,0.55172,0.56897,0.58621,0.59483,1.3,0.05,0.05,0.05,0.05,0.025,0.075,0.05,0.05,0.025,1.175,6.49e-05,2.028e-05,6.4179e-06,4.7117e-06,1.0779e-05,5.6155e-06,7.8712e-06,1.3168e-05,6.6877e-06,2.4038e-06,5.5278e-05,0.44828,0.017241,0.017241,0.017241,0.017241,0.0086207,0.025862,0.017241,0.017241,0.0086207,0.40517,0,2.028e-05,2.4038e-06,6.4179e-06,6.6877e-06,4.7117e-06,1.3168e-05,1.0779e-05,7.8712e-06,5.6155e-06,0,0.31248,0.098889,0.072599,0.16608,0.086526,0.12128,0.20289,0.10305,0.037038,0.85175,0,1,0.68752,0.72456,0.62567,0.72872,0.65612,0.85901,0.69293,0.81421,0.72769
1,1.05,1.1,1.125,1.2,1.225,1.25,1.325,1.4,1.425,8.702e-05,5.3037e-05,6.8568e-05,5.5511e-05,7.2039e-05,5.7878e-05,5.8105e-05,5.0569e-05,5.5278e-05,4.9097e-05,0.35714,0.375,0.39286,0.40179,0.42857,0.4375,0.44643,0.47321,0.5,0.50893,1,0.05,0.05,0.025,0.075,0.025,0.025,0.075,0.075,0.025,1.375,8.702e-05,3.3983e-05,1.3058e-05,1.416e-05,7.5362e-06,6.1815e-06,4.7094e-06,2.2699e-07,1.6528e-05,1.5531e-05,4.9348e-05,0.35714,0.017857,0.017857,0.0089286,0.026786,0.0089286,0.0089286,0.026786,0.026786,0.0089286,0.49107,0,3.3983e-05,1.5531e-05,1.3058e-05,1.6528e-05,1.416e-05,2.2699e-07,7.5362e-06,4.7094e-06,6.1815e-06,0,0.39052,0.15005,0.16273,0.086603,0.071036,0.054118,0.0026084,0.18993,0.17848,0.56709,0,1,0.60948,0.78795,0.6379,0.82784,0.66511,0.66772,0.58112,0.63523,0.5642
1.9,1.95,2,2.025,2.1,2.15,2.2,2.275,2.375,2.425,7.7332e-05,5.628e-05,6.2979e-05,5.3046e-05,5.8984e-05,4.9064e-05,5.3406e-05,4.4753e-05,5.3844e-05,4.8317e-05,0.67857,0.69643,0.71429,0.72321,0.75,0.76786,0.78571,0.8125,0.84821,0.86607,1.9,0.05,0.05,0.025,0.075,0.05,0.05,0.075,0.1,0.05,0.375,7.7332e-05,2.1052e-05,9.9327e-06,9.9206e-06,8.6521e-06,5.5264e-06,9.0902e-06,4.3417e-06,5.9384e-06,6.6984e-06,5.5009e-05,0.67857,0.017857,0.017857,0.0089286,0.026786,0.017857,0.017857,0.026786,0.035714,0.017857,0.13393,0,2.1052e-05,6.6984e-06,9.9327e-06,5.9384e-06,9.9206e-06,4.3417e-06,8.6521e-06,9.0902e-06,5.5264e-06,0,0.27222,0.12844,0.12829,0.11188,0.071464,0.11755,0.056144,0.076791,0.086619,0.71134,0,1,0.72778,0.81439,0.68595,0.76274,0.63446,0.6906,0.57872,0.69627,0.6248
1.6,1.65,1.7,1.75,1.8,1.825,1.9,1.925,2,2.05,9.0086e-05,6.4947e-05,8.1111e-05,6.3547e-05,8.7569e-05,7.0357e-05,7.8288e-05,6.2789e-05,6.9016e-05,5.8726e-05,0.55172,0.56897,0.58621,0.60345,0.62069,0.62931,0.65517,0.66379,0.68966,0.7069,1.6,0.05,0.05,0.05,0.05,0.025,0.075,0.025,0.075,0.05,0.85,9.0086e-05,2.5139e-05,1.7564e-05,1.7212e-05,1.5498e-05,1.029e-05,6.2265e-06,7.9311e-06,2.4022e-05,1.6164e-05,6.0459e-05,0.55172,0.017241,0.017241,0.017241,0.017241,0.0086207,0.025862,0.0086207,0.025862,0.017241,0.2931,0,2.5139e-05,1.6164e-05,1.7564e-05,2.4022e-05,1.7212e-05,7.9311e-06,1.5498e-05,6.2265e-06,1.029e-05,0,0.27906,0.19497,0.19106,0.17204,0.11422,0.069117,0.08804,0.26666,0.17943,0.67112,0,1,0.72094,0.90037,0.7054,0.97206,0.78099,0.86903,0.69699,0.76611,0.65189
1.4,1.45,1.5,1.525,1.6,1.625,1.7,1.725,1.8,1.825,9.3025e-05,6.0617e-05,7.5516e-05,6.3212e-05,8.1579e-05,6.9473e-05,8.3014e-05,6.6963e-05,7.8228e-05,6.4805e-05,0.48276,0.5,0.51724,0.52586,0.55172,0.56034,0.58621,0.59483,0.62069,0.62931,1.4,0.05,0.05,0.025,0.075,0.025,0.075,0.025,0.075,0.025,1.075,9.3025e-05,3.2408e-05,1.2303e-05,1.2106e-05,1.6051e-05,1.3423e-05,1.1265e-05,1.3541e-05,1.8366e-05,1.4898e-05,4.792e-05,0.48276,0.017241,0.017241,0.0086207,0.025862,0.0086207,0.025862,0.0086207,0.025862,0.0086207,0.37069,0,3.2408e-05,1.4898e-05,1.2303e-05,1.8366e-05,1.2106e-05,1.3541e-05,1.6051e-05,1.1265e-05,1.3423e-05,0,0.34838,0.13226,0.13014,0.17255,0.1443,0.1211,0.14557,0.19744,0.16015,0.51513,0,1,0.65162,0.81178,0.67952,0.87696,0.74682,0.89239,0.71984,0.84093,0.69664
1.9,1.95,2,2.05,2.1,2.125,2.2,2.35,2.4,2.55,8.5242e-05,5.069e-05,6.3778e-05,4.6948e-05,6.1682e-05,4.9611e-05,5.6666e-05,3.6617e-05,3.8122e-05,3.1347e-05,0.65517,0.67241,0.68966,0.7069,0.72414,0.73276,0.75862,0.81034,0.82759,0.87931,1.9,0.05,0.05,0.05,0.05,0.025,0.075,0.15,0.05,0.15,0.35,8.5242e-05,3.4552e-05,1.683e-05,1.2071e-05,2.0049e-05,6.7754e-06,1.5054e-06,7.0549e-06,1.4734e-05,1.3088e-05,3.4006e-05,0.65517,0.017241,0.017241,0.017241,0.017241,0.0086207,0.025862,0.051724,0.017241,0.051724,0.12069,0,3.4552e-05,1.3088e-05,1.683e-05,1.4734e-05,1.2071e-05,7.0549e-06,2.0049e-05,1.5054e-06,6.7754e-06,0,0.40534,0.19743,0.14161,0.23521,0.079484,0.01766,0.082764,0.17285,0.15354,0.39893,0,1,0.59466,0.74819,0.55076,0.72361,0.58201,0.66477,0.42957,0.44723,0.36774
1.3,1.35,1.4,1.45,1.5,1.525,1.6,1.625,1.7,1.725,0.00010984,5.8978e-05,8.2832e-05,5.7008e-05,7.8329e-05,6.1143e-05,6.6169e-05,5.3486e-05,5.8986e-05,5.095e-05,0.40625,0.42188,0.4375,0.45313,0.46875,0.47656,0.5,0.50781,0.53125,0.53906,1.3,0.05,0.05,0.05,0.05,0.025,0.075,0.025,0.075,0.025,1.475,0.00010984,5.0858e-05,2.5824e-05,1.7185e-05,1.2683e-05,8.0359e-06,5.4999e-06,5.0254e-06,2.1321e-05,2.3854e-05,4.947e-05,0.40625,0.015625,0.015625,0.015625,0.015625,0.0078125,0.023438,0.0078125,0.023438,0.0078125,0.46094,0,5.0858e-05,2.3854e-05,2.5824e-05,2.1321e-05,1.7185e-05,5.0254e-06,1.2683e-05,5.4999e-06,8.0359e-06,0,0.46303,0.23512,0.15646,0.11547,0.073162,0.050074,0.045754,0.19411,0.21718,0.4504,0,1,0.53697,0.75414,0.51903,0.71314,0.55668,0.60243,0.48696,0.53703,0.46387
1.2,1.25,1.3,1.325,1.4,1.425,1.5,1.525,1.6,1.625,8.5936e-05,5.0891e-05,6.9841e-05,5.1666e-05,7.6245e-05,5.724e-05,6.5239e-05,5.1318e-05,5.7903e-05,4.7159e-05,0.42857,0.44643,0.46429,0.47321,0.5,0.50893,0.53571,0.54464,0.57143,0.58036,1.2,0.05,0.05,0.025,0.075,0.025,0.075,0.025,0.075,0.025,1.175,8.5936e-05,3.5045e-05,1.8175e-05,1.9005e-05,1.3921e-05,1.0743e-05,6.5849e-06,7.9987e-06,2.4578e-05,1.895e-05,5.4808e-05,0.42857,0.017857,0.017857,0.0089286,0.026786,0.0089286,0.026786,0.0089286,0.026786,0.0089286,0.41964,0,3.5045e-05,1.895e-05,1.8175e-05,2.4578e-05,1.9005e-05,7.9987e-06,1.3921e-05,6.5849e-06,1.0743e-05,0,0.4078,0.21149,0.22115,0.16199,0.12502,0.076625,0.093078,0.28601,0.22051,0.63777,0,1,0.5922,0.81271,0.60122,0.88723,0.66608,0.75916,0.59717,0.67379,0.54877
1.4,1.45,1.5,1.55,1.6,1.625,1.675,1.725,1.8,1.825,8.3107e-05,6.3478e-05,7.1504e-05,5.5695e-05,6.0781e-05,5.8926e-05,6.7703e-05,5.7326e-05,6.1846e-05,5.6925e-05,0.51852,0.53704,0.55556,0.57407,0.59259,0.60185,0.62037,0.63889,0.66667,0.67593,1.4,0.05,0.05,0.05,0.05,0.025,0.05,0.05,0.075,0.025,0.875,8.3107e-05,1.9629e-05,1.5809e-05,1.8557e-06,1.0377e-05,4.9209e-06,4.5196e-06,8.7773e-06,5.0857e-06,8.0263e-06,6.1797e-05,0.51852,0.018519,0.018519,0.018519,0.018519,0.0092593,0.018519,0.018519,0.027778,0.0092593,0.32407,0,1.9629e-05,8.0263e-06,1.5809e-05,5.0857e-06,1.8557e-06,8.7773e-06,1.0377e-05,4.5196e-06,4.9209e-06,0,0.23619,0.19022,0.022329,0.12486,0.059211,0.054383,0.10561,0.061194,0.096578,0.74358,0,1,0.76381,0.86038,0.67016,0.73136,0.70903,0.81464,0.68979,0.74417,0.68496
2.2,2.25,2.3,2.35,2.4,2.425,2.5,2.7,2.75,2.8,8.0174e-05,6.2207e-05,7.7175e-05,6.0369e-05,7.4922e-05,6.2683e-05,6.8348e-05,4.7656e-05,5.241e-05,2.8942e-05,0.66667,0.68182,0.69697,0.71212,0.72727,0.73485,0.75758,0.81818,0.83333,0.84848,2.2,0.05,0.05,0.05,0.05,0.025,0.075,0.2,0.05,0.05,0.5,8.0174e-05,1.7966e-05,1.6806e-05,1.2239e-05,2.0692e-05,2.3468e-05,4.7536e-06,5.665e-06,1.4553e-05,1.4967e-05,1.0694e-05,0.66667,0.015152,0.015152,0.015152,0.015152,0.0075758,0.022727,0.060606,0.015152,0.015152,0.15152,0,1.7966e-05,1.4967e-05,1.6806e-05,1.4553e-05,1.2239e-05,5.665e-06,2.0692e-05,4.7536e-06,2.3468e-05,0,0.22409,0.20962,0.15266,0.25809,0.29271,0.059291,0.070659,0.18152,0.18669,0.13339,0,1,0.77591,0.96259,0.75298,0.9345,0.78184,0.8525,0.59441,0.6537,0.36099
0.9,0.95,1,1.05,1.1,1.125,1.2,1.225,1.3,1.325,8.1766e-05,4.1919e-05,5.8914e-05,4.3073e-05,5.856e-05,4.5777e-05,4.9616e-05,4.061e-05,4.7677e-05,4.0293e-05,0.33333,0.35185,0.37037,0.38889,0.40741,0.41667,0.44444,0.4537,0.48148,0.49074,0.9,0.05,0.05,0.05,0.05,0.025,0.075,0.025,0.075,0.025,1.375,8.1766e-05,3.9847e-05,1.5841e-05,1.2783e-05,9.006e-06,7.3845e-06,7.0678e-06,3.8385e-06,1.5488e-05,1.6995e-05,5.8515e-05,0.33333,0.018519,0.018519,0.018519,0.018519,0.0092593,0.027778,0.0092593,0.027778,0.0092593,0.50926,0,3.9847e-05,1.6995e-05,1.5841e-05,1.5488e-05,1.2783e-05,3.8385e-06,9.006e-06,7.0678e-06,7.3845e-06,0,0.48733,0.19374,0.15634,0.11014,0.090313,0.086439,0.046945,0.18941,0.20784,0.71563,0,1,0.51267,0.72051,0.52678,0.71619,0.55985,0.6068,0.49665,0.58309,0.49278
1.4,1.45,1.5,1.55,1.6,1.625,1.7,1.725,1.8,1.825,9.53e-05,6.2751e-05,8.1051e-05,5.9557e-05,7.4291e-05,6.2e-05,7.5002e-05,6.6823e-05,7.6072e-05,6.2612e-05,0.46667,0.48333,0.5,0.51667,0.53333,0.54167,0.56667,0.575,0.6,0.60833,1.4,0.05,0.05,0.05,0.05,0.025,0.075,0.025,0.075,0.025,1.175,9.53e-05,3.2549e-05,2.1494e-05,1.2291e-05,8.179e-06,1.346e-05,9.249e-06,1.3003e-05,1.4734e-05,1.8301e-05,6.5559e-05,0.46667,0.016667,0.016667,0.016667,0.016667,0.0083333,0.025,0.0083333,0.025,0.0083333,0.39167,0,3.2549e-05,1.8301e-05,2.1494e-05,1.4734e-05,1.2291e-05,1.3003e-05,8.179e-06,9.249e-06,1.346e-05,0,0.34154,0.22554,0.12898,0.085824,0.14124,0.097051,0.13644,0.15461,0.19203,0.68792,0,1,0.65846,0.85049,0.62494,0.77955,0.65057,0.78701,0.70119,0.79824,0.65701
1.8,1.85,1.9,1.95,2,2.05,2.1,2.175,2.2,2.225,9.141e-05,6.8855e-05,8.1916e-05,6.5207e-05,8.6355e-05,6.7838e-05,7.1111e-05,5.7209e-05,5.9299e-05,5.8288e-05,0.62069,0.63793,0.65517,0.67241,0.68966,0.7069,0.72414,0.75,0.75862,0.76724,1.8,0.05,0.05,0.05,0.05,0.05,0.05,0.075,0.025,0.025,0.675,9.141e-05,2.2555e-05,1.6709e-05,1.8517e-05,1.3903e-05,1.0109e-06,2.09e-06,3.2729e-06,2.1148e-05,1.3061e-05,5.7908e-05,0.62069,0.017241,0.017241,0.017241,0.017241,0.017241,0.017241,0.025862,0.0086207,0.0086207,0.23276,0,2.2555e-05,1.3061e-05,1.6709e-05,2.1148e-05,1.8517e-05,3.2729e-06,1.3903e-05,2.09e-06,1.0109e-06,0,0.24675,0.18279,0.20257,0.15209,0.011059,0.022864,0.035805,0.23135,0.14288,0.6335,0,1,0.75325,0.89613,0.71335,0.9447,0.74213,0.77794,0.62585,0.64871,0.63765
0.9,0.95,1,1.05,1.1,1.15,1.2,1.225,1.3,1.325,7.614e-05,5.4746e-05,7.47e-05,4.9043e-05,6.583e-05,5.0809e-05,6.9431e-05,5.5534e-05,6.2099e-05,5.0111e-05,0.31034,0.32759,0.34483,0.36207,0.37931,0.39655,0.41379,0.42241,0.44828,0.4569,0.9,0.05,0.05,0.05,0.05,0.05,0.05,0.025,0.075,0.025,1.575,7.614e-05,2.1395e-05,2.5657e-05,1.5021e-05,1.3897e-05,1.1988e-05,6.5642e-06,1.8623e-05,1.6787e-05,1.9954e-05,4.2528e-05,0.31034,0.017241,0.017241,0.017241,0.017241,0.017241,0.017241,0.0086207,0.025862,0.0086207,0.5431,0,2.1395e-05,1.9954e-05,2.5657e-05,1.6787e-05,1.5021e-05,1.8623e-05,1.3897e-05,6.5642e-06,1.1988e-05,0,0.28099,0.33697,0.19728,0.18251,0.15744,0.086212,0.24458,0.22047,0.26207,0.55855,0,1,0.71901,0.98108,0.64411,0.86459,0.6673,0.91189,0.72937,0.81558,0.65814
1.9,1.95,2,2.025,2.1,2.125,2.2,2.35,2.4,2.6,7.9401e-05,5.9098e-05,6.5231e-05,5.3762e-05,6.0255e-05,5.3801e-05,6.7418e-05,4.1039e-05,4.2562e-05,1.9487e-05,0.7037,0.72222,0.74074,0.75,0.77778,0.78704,0.81481,0.87037,0.88889,0.96296,1.9,0.05,0.05,0.025,0.075,0.025,0.075,0.15,0.05,0.2,0.1,7.9401e-05,2.0303e-05,1.1469e-05,6.4541e-06,2.6379e-05,2.3075e-05,1.523e-06,1.3618e-05,6.4928e-06,6.133e-06,2.3049e-05,0.7037,0.018519,0.018519,0.0092593,0.027778,0.0092593,0.027778,0.055556,0.018519,0.074074,0.037037,0,2.0303e-05,6.133e-06,1.1469e-05,6.4928e-06,6.4541e-06,1.3618e-05,2.6379e-05,1.523e-06,2.3075e-05,0,0.2557,0.14445,0.081285,0.33223,0.29062,0.019181,0.1715,0.081773,0.077241,0.29029,0,1,0.7443,0.82154,0.67709,0.75887,0.67758,0.84908,0.51686,0.53604,0.24542
1.5,1.55,1.6,1.625,1.7,1.725,1.8,1.85,1.9,1.925,8.756e-05,6.3713e-05,7.1204e-05,5.6724e-05,6.2978e-05,5.2137e-05,6.413e-05,5.089e-05,8.591e-05,6.8362e-05,0.53571,0.55357,0.57143,0.58036,0.60714,0.61607,0.64286,0.66071,0.67857,0.6875,1.5,0.05,0.05,0.025,0.075,0.025,0.075,0.05,0.05,0.025,0.875,8.756e-05,2.3847e-05,1.448e-05,1.0841e-05,1.324e-05,1.7548e-05,3.502e-05,1.1993e-05,6.254e-06,7.4915e-06,6.1997e-05,0.53571,0.017857,0.017857,0.0089286,0.026786,0.0089286,0.026786,0.017857,0.017857,0.0089286,0.3125,0,2.3847e-05,7.4915e-06,1.448e-05,6.254e-06,1.0841e-05,1.1993e-05,1.324e-05,3.502e-05,1.7548e-05,0,0.27235,0.16538,0.12381,0.15121,0.20041,0.39996,0.13697,0.071426,0.085558,0.70806,0,1,0.72765,0.81321,0.64783,0.71926,0.59544,0.73241,0.5812,0.98115,0.78075
1.4,1.425,1.5,1.55,1.6,1.625,1.7,1.725,1.8,1.85,7.5931e-05,5.5798e-05,6.2124e-05,4.7503e-05,4.928e-05,4.4195e-05,4.9137e-05,4.2209e-05,7.1443e-05,5.2281e-05,0.5,0.50893,0.53571,0.55357,0.57143,0.58036,0.60714,0.61607,0.64286,0.66071,1.4,0.025,0.075,0.05,0.05,0.025,0.075,0.025,0.075,0.05,0.95,7.5931e-05,2.0133e-05,1.4621e-05,5.0857e-06,6.9282e-06,1.9162e-05,2.9234e-05,4.9426e-06,1.7778e-06,6.3258e-06,8.4091e-05,0.5,0.0089286,0.026786,0.017857,0.017857,0.0089286,0.026786,0.0089286,0.026786,0.017857,0.33929,0,2.0133e-05,6.3258e-06,1.4621e-05,1.7778e-06,5.0857e-06,4.9426e-06,6.9282e-06,2.9234e-05,1.9162e-05,0,0.26515,0.19256,0.066978,0.091244,0.25236,0.38501,0.065093,0.023413,0.08331,1.1075,0,1,0.73485,0.81816,0.6256,0.64902,0.58204,0.64713,0.55589,0.94089,0.68853
1.7,1.75,1.8,1.825,1.9,1.925,2,2.025,2.1,2.125,0.00010589,8.2248e-05,9.1876e-05,7.9217e-05,9.9003e-05,8.4535e-05,9.3395e-05,8.1763e-05,9.2955e-05,8.146e-05,0.60714,0.625,0.64286,0.65179,0.67857,0.6875,0.71429,0.72321,0.75,0.75893,1.7,0.05,0.05,0.025,0.075,0.025,0.075,0.025,0.075,0.025,0.675,0.00010589,2.3645e-05,1.266e-05,1.4468e-05,1.1632e-05,1.1496e-05,1.1192e-05,8.8602e-06,1.9786e-05,9.628e-06,7.1441e-05,0.60714,0.017857,0.017857,0.0089286,0.026786,0.0089286,0.026786,0.0089286,0.026786,0.0089286,0.24107,0,2.3645e-05,9.628e-06,1.266e-05,1.9786e-05,1.4468e-05,8.8602e-06,1.1632e-05,1.1192e-05,1.1496e-05,0,0.22329,0.11955,0.13663,0.10985,0.10856,0.10569,0.083672,0.18685,0.090922,0.67466,0,1,0.77671,0.86763,0.74808,0.93494,0.79831,0.88198,0.77213,0.87782,0.76927
1.6,1.65,1.7,1.725,1.8,1.85,1.9,1.925,2,2.025,9.9215e-05,7.5844e-05,8.2615e-05,7.0769e-05,8.9665e-05,7.2278e-05,8.0986e-05,7.0271e-05,8.0567e-05,6.9803e-05,0.48485,0.5,0.51515,0.52273,0.54545,0.56061,0.57576,0.58333,0.60606,0.61364,1.6,0.05,0.05,0.025,0.075,0.05,0.05,0.025,0.075,0.025,1.275,9.9215e-05,2.3371e-05,1.1846e-05,1.7387e-05,1.0715e-05,1.0764e-05,1.0296e-05,8.7075e-06,1.8896e-05,6.771e-06,5.5358e-05,0.48485,0.015152,0.015152,0.0075758,0.022727,0.015152,0.015152,0.0075758,0.022727,0.0075758,0.38636,0,2.3371e-05,6.771e-06,1.1846e-05,1.8896e-05,1.7387e-05,8.7075e-06,1.0715e-05,1.0296e-05,1.0764e-05,0,0.23556,0.1194,0.17524,0.108,0.10849,0.10377,0.087764,0.19046,0.068245,0.55796,0,1,0.76444,0.83268,0.71328,0.90374,0.7285,0.81626,0.70826,0.81204,0.70355
1.2,1.25,1.3,1.325,1.4,1.425,1.5,1.525,1.6,1.65,8.4041e-05,5.9801e-05,6.6469e-05,5.5553e-05,6.1568e-05,5.3719e-05,6.1289e-05,5.3268e-05,7.8445e-05,6.2107e-05,0.5,0.52083,0.54167,0.55208,0.58333,0.59375,0.625,0.63542,0.66667,0.6875,1.2,0.05,0.05,0.025,0.075,0.025,0.075,0.025,0.075,0.05,0.75,8.4041e-05,2.424e-05,1.0915e-05,7.8489e-06,8.0215e-06,1.6338e-05,2.5177e-05,7.5699e-06,6.0148e-06,6.6677e-06,5.9619e-05,0.5,0.020833,0.020833,0.010417,0.03125,0.010417,0.03125,0.010417,0.03125,0.020833,0.3125,0,2.424e-05,6.6677e-06,1.0915e-05,6.0148e-06,7.8489e-06,7.5699e-06,8.0215e-06,2.5177e-05,1.6338e-05,0,0.28843,0.12988,0.093394,0.095448,0.19441,0.29958,0.090074,0.07157,0.079338,0.7094,0,1,0.71157,0.79091,0.66103,0.7326,0.6392,0.72928,0.63383,0.93341,0.73901
1.5,1.525,1.6,1.65,1.7,1.725,1.8,1.85,1.9,1.95,7.9545e-05,6.0431e-05,7.1355e-05,5.5792e-05,6.2249e-05,5.2408e-05,6.6672e-05,4.6796e-05,7.5187e-05,5.7535e-05,0.46875,0.47656,0.5,0.51563,0.53125,0.53906,0.5625,0.57813,0.59375,0.60938,1.5,0.025,0.075,0.05,0.05,0.025,0.075,0.05,0.05,0.05,1.25,7.9545e-05,1.9115e-05,1.5563e-05,9.8408e-06,1.9875e-05,1.7652e-05,2.839e-05,1.4263e-05,6.4572e-06,1.0924e-05,5.7256e-05,0.46875,0.0078125,0.023438,0.015625,0.015625,0.0078125,0.023438,0.015625,0.015625,0.015625,0.39063,0,1.9115e-05,1.0924e-05,1.5563e-05,6.4572e-06,9.8408e-06,1.4263e-05,1.9875e-05,2.839e-05,1.7652e-05,0,0.2403,0.19565,0.12371,0.24986,0.22191,0.35691,0.17931,0.081177,0.13733,0.7198,0,1,0.7597,0.89704,0.70139,0.78257,0.65885,0.83816,0.5883,0.94521,0.7233
1.6,1.65,1.7,1.725,1.8,1.825,1.9,1.925,2,2.05,7.48e-05,5.6045e-05,6.4586e-05,5.3952e-05,6.2543e-05,5.2488e-05,6.1573e-05,5.0152e-05,7.281e-05,5.6398e-05,0.55172,0.56897,0.58621,0.59483,0.62069,0.62931,0.65517,0.66379,0.68966,0.7069,1.6,0.05,0.05,0.025,0.075,0.025,0.075,0.025,0.075,0.05,0.85,7.48e-05,1.8755e-05,1.0634e-05,1.0055e-05,1.1421e-05,1.6412e-05,2.2658e-05,9.0859e-06,8.5906e-06,8.5405e-06,4.6724e-05,0.55172,0.017241,0.017241,0.0086207,0.025862,0.0086207,0.025862,0.0086207,0.025862,0.017241,0.2931,0,1.8755e-05,8.5405e-06,1.0634e-05,8.5906e-06,1.0055e-05,9.0859e-06,1.1421e-05,2.2658e-05,1.6412e-05,0,0.25074,0.14216,0.13442,0.15269,0.2194,0.30291,0.12147,0.11485,0.11418,0.62465,0,1,0.74926,0.86344,0.72128,0.83613,0.7017,0.82317,0.67048,0.97339,0.75398
1.6,1.65,1.7,1.75,1.8,1.825,1.9,1.925,2,2.025,8.361e-05,5.7657e-05,7.2607e-05,5.439e-05,7.5263e-05,5.9161e-05,6.7065e-05,5.44e-05,6.0949e-05,5.1394e-05,0.55172,0.56897,0.58621,0.60345,0.62069,0.62931,0.65517,0.66379,0.68966,0.69828,1.6,0.05,0.05,0.05,0.05,0.025,0.075,0.025,0.075,0.025,0.875,8.361e-05,2.5954e-05,1.8217e-05,1.6102e-05,1.2665e-05,9.5551e-06,6.5488e-06,7.9036e-06,2.0873e-05,1.495e-05,4.9731e-05,0.55172,0.017241,0.017241,0.017241,0.017241,0.0086207,0.025862,0.0086207,0.025862,0.0086207,0.30172,0,2.5954e-05,1.495e-05,1.8217e-05,2.0873e-05,1.6102e-05,7.9036e-06,1.2665e-05,6.5488e-06,9.5551e-06,0,0.31041,0.21788,0.19258,0.15147,0.11428,0.078325,0.094529,0.24965,0.17881,0.59479,0,1,0.68959,0.8684,0.65051,0.90016,0.70758,0.80211,0.65064,0.72896,0.61468
1.4,1.525,1.6,1.625,1.7,1.725,1.8,1.825,1.9,1.925,8.407e-05,4.9201e-05,5.6652e-05,5.3105e-05,7.0653e-05,5.3556e-05,6.2154e-05,5.0047e-05,5.7531e-05,4.8034e-05,0.53846,0.58654,0.61538,0.625,0.65385,0.66346,0.69231,0.70192,0.73077,0.74038,1.4,0.125,0.075,0.025,0.075,0.025,0.075,0.025,0.075,0.025,0.675,8.407e-05,3.4869e-05,3.5475e-06,1.7097e-05,1.2107e-05,9.4969e-06,7.4841e-06,8.5975e-06,1.7548e-05,7.4511e-06,4.9736e-05,0.53846,0.048077,0.028846,0.0096154,0.028846,0.0096154,0.028846,0.0096154,0.028846,0.0096154,0.25962,0,3.4869e-05,7.4511e-06,3.5475e-06,1.7548e-05,1.7097e-05,8.5975e-06,1.2107e-05,7.4841e-06,9.4969e-06,0,0.41476,0.042196,0.20336,0.14401,0.11296,0.089022,0.10227,0.20874,0.08863,0.59161,0,1,0.58524,0.67387,0.63167,0.84041,0.63704,0.73931,0.5953,0.68432,0.57136
1.5,1.55,1.6,1.65,1.7,1.725,1.8,1.825,1.9,1.925,8.46e-05,5.7524e-05,7.4123e-05,5.2989e-05,6.6213e-05,5.5103e-05,6.2665e-05,5.259e-05,6.4951e-05,5.3605e-05,0.5,0.51667,0.53333,0.55,0.56667,0.575,0.6,0.60833,0.63333,0.64167,1.5,0.05,0.05,0.05,0.05,0.025,0.075,0.025,0.075,0.025,1.075,8.46e-05,2.7076e-05,2.1134e-05,1.1111e-05,1.0075e-05,1.1346e-05,1.2361e-05,7.5625e-06,1.3224e-05,1.6599e-05,4.3665e-05,0.5,0.016667,0.016667,0.016667,0.016667,0.0083333,0.025,0.0083333,0.025,0.0083333,0.35833,0,2.7076e-05,1.6599e-05,2.1134e-05,1.3224e-05,1.1111e-05,7.5625e-06,1.0075e-05,1.2361e-05,1.1346e-05,0,0.32004,0.24981,0.13133,0.11909,0.13412,0.14611,0.089391,0.15632,0.1962,0.51613,0,1,0.67996,0.87616,0.62635,0.78266,0.65133,0.74072,0.62163,0.76774,0.63362
1.2,1.225,1.3,1.325,1.4,1.425,1.5,1.55,1.6,1.625,7.2363e-05,5.5519e-05,6.4504e-05,5.2358e-05,5.8244e-05,4.8059e-05,6.0391e-05,4.6006e-05,7.0386e-05,5.7355e-05,0.44444,0.4537,0.48148,0.49074,0.51852,0.52778,0.55556,0.57407,0.59259,0.60185,1.2,0.025,0.075,0.025,0.075,0.025,0.075,0.05,0.05,0.025,1.075,7.2363e-05,1.6844e-05,1.2147e-05,1.0185e-05,1.4385e-05,1.3031e-05,2.438e-05,1.2332e-05,5.8869e-06,8.985e-06,6.5912e-05,0.44444,0.0092593,0.027778,0.0092593,0.027778,0.0092593,0.027778,0.018519,0.018519,0.0092593,0.39815,0,1.6844e-05,8.985e-06,1.2147e-05,5.8869e-06,1.0185e-05,1.2332e-05,1.4385e-05,2.438e-05,1.3031e-05,0,0.23277,0.16786,0.14075,0.19879,0.18008,0.33691,0.17041,0.081351,0.12417,0.91084,0,1,0.76723,0.8914,0.72354,0.80489,0.66414,0.83455,0.63576,0.97267,0.79259
2,2.05,2.1,2.15,2.2,2.225,2.3,2.425,2.475,2.525,8.2217e-05,6.2601e-05,6.4118e-05,5.4462e-05,5.9194e-05,5.5532e-05,6.4655e-05,5.3758e-05,5.8901e-05,5.3674e-05,0.71429,0.73214,0.75,0.76786,0.78571,0.79464,0.82143,0.86607,0.88393,0.90179,2,0.05,0.05,0.05,0.05,0.025,0.075,0.125,0.05,0.05,0.275,8.2217e-05,1.9615e-05,9.656e-06,3.6623e-06,1.0897e-05,5.2272e-06,5.1433e-06,9.1233e-06,4.7319e-06,1.5168e-06,5.5494e-05,0.71429,0.017857,0.017857,0.017857,0.017857,0.0089286,0.026786,0.044643,0.017857,0.017857,0.098214,0,1.9615e-05,1.5168e-06,9.656e-06,4.7319e-06,3.6623e-06,9.1233e-06,1.0897e-05,5.1433e-06,5.2272e-06,0,0.23858,0.11745,0.044544,0.13255,0.063578,0.062558,0.11097,0.057554,0.018449,0.67497,0,1,0.76142,0.77987,0.66242,0.71997,0.67543,0.7864,0.65385,0.71641,0.65283
1.3,1.35,1.4,1.425,1.5,1.55,1.6,1.65,1.7,1.725,8.4901e-05,6.5979e-05,7.4988e-05,6.2571e-05,7.2806e-05,6.0841e-05,6.8846e-05,5.928e-05,6.4438e-05,6.0235e-05,0.46429,0.48214,0.5,0.50893,0.53571,0.55357,0.57143,0.58929,0.60714,0.61607,1.3,0.05,0.05,0.025,0.075,0.05,0.05,0.05,0.05,0.025,1.075,8.4901e-05,1.8923e-05,1.2417e-05,1.1965e-05,9.566e-06,4.2025e-06,5.1579e-06,8.0049e-06,1.0235e-05,9.0089e-06,5.9934e-05,0.46429,0.017857,0.017857,0.0089286,0.026786,0.017857,0.017857,0.017857,0.017857,0.0089286,0.38393,0,1.8923e-05,9.0089e-06,1.2417e-05,1.0235e-05,1.1965e-05,8.0049e-06,9.566e-06,5.1579e-06,4.2025e-06,0,0.22288,0.14625,0.14093,0.11267,0.049499,0.060752,0.094285,0.12055,0.10611,0.70592,0,1,0.77712,0.88323,0.73698,0.85754,0.7166,0.81089,0.69822,0.75897,0.70947
1.9,1.95,2,2.025,2.1,2.125,2.2,2.225,2.25,2.275,7.9853e-05,6.0965e-05,7.2361e-05,6.1366e-05,7.1661e-05,5.9513e-05,7.2054e-05,6.108e-05,6.1264e-05,5.9413e-05,0.6129,0.62903,0.64516,0.65323,0.67742,0.68548,0.70968,0.71774,0.72581,0.73387,1.9,0.05,0.05,0.025,0.075,0.025,0.075,0.025,0.025,0.025,0.825,7.9853e-05,1.8888e-05,1.0995e-05,1.2149e-05,1.0974e-05,1.8505e-06,1.833e-07,1.2542e-05,1.0295e-05,1.1396e-05,5.1019e-05,0.6129,0.016129,0.016129,0.0080645,0.024194,0.0080645,0.024194,0.0080645,0.0080645,0.0080645,0.26613,0,1.8888e-05,1.1396e-05,1.0995e-05,1.0295e-05,1.2149e-05,1.2542e-05,1.0974e-05,1.833e-07,1.8505e-06,0,0.23654,0.13769,0.15214,0.13743,0.023173,0.0022954,0.15706,0.12893,0.14271,0.63891,0,1,0.76346,0.90617,0.76849,0.89742,0.74528,0.90234,0.76491,0.76721,0.74403
0.975,1.025,1.1,1.125,1.2,1.25,1.3,1.325,1.4,1.425,8.2562e-05,6.9635e-05,7.5442e-05,6.5729e-05,7.9463e-05,6.2853e-05,6.7093e-05,6.0368e-05,6.8783e-05,6.1207e-05,0.325,0.34167,0.36667,0.375,0.4,0.41667,0.43333,0.44167,0.46667,0.475,0.975,0.05,0.075,0.025,0.075,0.05,0.05,0.025,0.075,0.025,1.575,8.2562e-05,1.2927e-05,9.713e-06,1.661e-05,6.7254e-06,7.5761e-06,8.4148e-06,4.2404e-06,1.3733e-05,5.8069e-06,5.281e-05,0.325,0.016667,0.025,0.0083333,0.025,0.016667,0.016667,0.0083333,0.025,0.0083333,0.525,0,1.2927e-05,5.8069e-06,9.713e-06,1.3733e-05,1.661e-05,4.2404e-06,6.7254e-06,8.4148e-06,7.5761e-06,0,0.15657,0.11764,0.20118,0.081459,0.091763,0.10192,0.05136,0.16634,0.070334,0.63964,0,1,0.84343,0.91377,0.79612,0.96246,0.76128,0.81264,0.73119,0.83311,0.74134
1,1.025,1.1,1.125,1.2,1.225,1.3,1.35,1.4,1.45,8.5766e-05,6.357e-05,7.2122e-05,5.689e-05,6.0043e-05,5.1311e-05,6.7763e-05,5.0817e-05,7.8697e-05,5.8823e-05,0.38462,0.39423,0.42308,0.43269,0.46154,0.47115,0.5,0.51923,0.53846,0.55769,1,0.025,0.075,0.025,0.075,0.025,0.075,0.05,0.05,0.05,1.15,8.5766e-05,2.2196e-05,1.5232e-05,8.7321e-06,1.6945e-05,1.9873e-05,2.7879e-05,1.6451e-05,3.1535e-06,8.5521e-06,5.3505e-05,0.38462,0.0096154,0.028846,0.0096154,0.028846,0.0096154,0.028846,0.019231,0.019231,0.019231,0.44231,0,2.2196e-05,8.5521e-06,1.5232e-05,3.1535e-06,8.7321e-06,1.6451e-05,1.6945e-05,2.7879e-05,1.9873e-05,0,0.25879,0.1776,0.10181,0.19758,0.23172,0.32506,0.19182,0.036769,0.099715,0.62385,0,1,0.74121,0.84092,0.66332,0.70009,0.59827,0.79009,0.59251,0.91758,0.68586
1.1,1.125,1.2,1.25,1.3,1.325,1.4,1.425,1.45,1.525,8.1704e-05,6.1626e-05,6.9957e-05,5.271e-05,5.881e-05,4.8708e-05,5.7043e-05,5.0644e-05,5.2781e-05,4.7117e-05,0.37931,0.38793,0.41379,0.43103,0.44828,0.4569,0.48276,0.49138,0.5,0.52586,1.1,0.025,0.075,0.05,0.05,0.025,0.075,0.025,0.025,0.075,1.375,8.1704e-05,2.0079e-05,1.7248e-05,1.0101e-05,6.3996e-06,5.6641e-06,2.1372e-06,8.3349e-06,6.1003e-06,8.3316e-06,5.3987e-05,0.37931,0.0086207,0.025862,0.017241,0.017241,0.0086207,0.025862,0.0086207,0.0086207,0.025862,0.47414,0,2.0079e-05,8.3316e-06,1.7248e-05,6.1003e-06,1.0101e-05,8.3349e-06,6.3996e-06,2.1372e-06,5.6641e-06,0,0.24575,0.2111,0.12363,0.078326,0.069325,0.026158,0.10201,0.074663,0.10197,0.66076,0,1,0.75425,0.85622,0.64513,0.71979,0.59615,0.69817,0.61984,0.646,0.57667
