1.1,1.15,1.2,1.225,1.3,1.325,1.4,1.45,1.5,1.55,0.00010803,7.5261e-05,7.8122e-05,6.5625e-05,6.6359e-05,6.0426e-05,6.4905e-05,5.7981e-05,5.9719e-05,5.7556e-05,0.40741,0.42593,0.44444,0.4537,0.48148,0.49074,0.51852,0.53704,0.55556,0.57407,1.1,0.05,0.05,0.025,0.075,0.025,0.075,0.05,0.05,0.05,1.15,0.00010803,3.2774e-05,1.2496e-05,5.9332e-06,6.9241e-06,2.1634e-06,1.738e-06,4.4795e-06,7.3351e-07,2.8607e-06,3.7652e-05,0.40741,0.018519,0.018519,0.0092593,0.027778,0.0092593,0.027778,0.018519,0.018519,0.018519,0.42593,0,3.2774e-05,2.8607e-06,1.2496e-05,7.3351e-07,5.9332e-06,4.4795e-06,6.9241e-06,1.738e-06,2.1634e-06,0,0.30336,0.11567,0.05492,0.064091,0.020025,0.016088,0.041464,0.0067896,0.026479,0.34852,0,1,0.69664,0.72312,0.60745,0.61424,0.55932,0.60078,0.53669,0.55278,0.53275
1.1,1.15,1.2,1.25,1.3,1.325,1.4,1.45,1.5,1.7,7.9919e-05,5.4284e-05,5.9355e-05,4.3326e-05,4.5382e-05,4.1613e-05,4.5853e-05,3.8835e-05,4.3195e-05,2.5855e-05,0.37931,0.39655,0.41379,0.43103,0.44828,0.4569,0.48276,0.5,0.51724,0.58621,1.1,0.05,0.05,0.05,0.05,0.025,0.075,0.05,0.05,0.2,1.2,7.9919e-05,2.5634e-05,1.6029e-05,3.7691e-06,7.0183e-06,1.7339e-05,4.3598e-06,4.2405e-06,2.0555e-06,5.0709e-06,3.2215e-05,0.37931,0.017241,0.017241,0.017241,0.017241,0.0086207,0.025862,0.017241,0.017241,0.068966,0.41379,0,2.5634e-05,5.0709e-06,1.6029e-05,2.0555e-06,3.7691e-06,4.2405e-06,7.0183e-06,4.3598e-06,1.7339e-05,0,0.32076,0.20057,0.047161,0.087819,0.21696,0.054554,0.053061,0.02572,0.063451,0.4031,0,1,0.67924,0.74269,0.54213,0.56785,0.52069,0.57375,0.48593,0.54048,0.32352
1,1.025,1.1,1.125,1.2,1.25,1.3,1.35,1.4,1.45,8.1233e-05,6.2952e-05,7.4317e-05,5.8175e-05,7.3396e-05,5.5878e-05,6.4118e-05,4.8723e-05,5.5906e-05,4.7912e-05,0.32258,0.33065,0.35484,0.3629,0.3871,0.40323,0.41935,0.43548,0.45161,0.46774,1,0.025,0.075,0.025,0.075,0.05,0.05,0.05,0.05,0.05,1.65,8.1233e-05,1.8282e-05,1.6143e-05,1.7519e-05,1.5395e-05,7.9935e-06,7.1825e-06,8.2405e-06,1.5222e-05,1.1366e-05,4.8127e-05,0.32258,0.0080645,0.024194,0.0080645,0.024194,0.016129,0.016129,0.016129,0.016129,0.016129,0.53226,0,1.8282e-05,1.1366e-05,1.6143e-05,1.5222e-05,1.7519e-05,8.2405e-06,1.5395e-05,7.1825e-06,7.9935e-06,0,0.22505,0.19872,0.21566,0.18952,0.098402,0.088418,0.10144,0.18738,0.13991,0.59245,0,1,0.77495,0.91486,0.71614,0.90353,0.68787,0.78931,0.59979,0.68821,0.58981
1.2,1.225,1.3,1.35,1.4,1.425,1.45,1.525,1.6,1.65,7.9573e-05,5.8838e-05,7.3207e-05,5.3695e-05,5.9225e-05,5.1928e-05,5.3156e-05,4.4103e-05,5.0044e-05,4.3426e-05,0.41379,0.42241,0.44828,0.46552,0.48276,0.49138,0.5,0.52586,0.55172,0.56897,1.2,0.025,0.075,0.05,0.05,0.025,0.025,0.075,0.075,0.05,1.25,7.9573e-05,2.0734e-05,1.9511e-05,7.2976e-06,9.0529e-06,6.6174e-06,5.9407e-06,1.2282e-06,5.5302e-06,1.4368e-05,4.622e-05,0.41379,0.0086207,0.025862,0.017241,0.017241,0.0086207,0.0086207,0.025862,0.025862,0.017241,0.43103,0,2.0734e-05,1.4368e-05,1.9511e-05,5.5302e-06,7.2976e-06,1.2282e-06,9.0529e-06,5.9407e-06,6.6174e-06,0,0.26057,0.2452,0.09171,0.11377,0.083162,0.074657,0.015435,0.069498,0.18057,0.58085,0,1,0.73943,0.92,0.6748,0.74429,0.65258,0.66802,0.55425,0.62891,0.54574
1.2,1.225,1.3,1.35,1.4,1.45,1.5,1.525,1.6,1.625,8.0514e-05,6.0223e-05,7.724e-05,5.6032e-05,6.8505e-05,5.2263e-05,5.4355e-05,4.8789e-05,5.7264e-05,4.9002e-05,0.3871,0.39516,0.41935,0.43548,0.45161,0.46774,0.48387,0.49194,0.51613,0.52419,1.2,0.025,0.075,0.05,0.05,0.05,0.05,0.025,0.075,0.025,1.475,8.0514e-05,2.0291e-05,2.1208e-05,1.6242e-05,5.5664e-06,8.2621e-06,8.475e-06,2.0921e-06,1.2473e-05,1.7017e-05,5.3118e-05,0.3871,0.0080645,0.024194,0.016129,0.016129,0.016129,0.016129,0.0080645,0.024194,0.0080645,0.47581,0,2.0291e-05,1.7017e-05,2.1208e-05,1.2473e-05,1.6242e-05,2.0921e-06,5.5664e-06,8.475e-06,8.2621e-06,0,0.25202,0.26341,0.20173,0.069135,0.10262,0.10526,0.025984,0.15492,0.21135,0.65974,0,1,0.74798,0.95934,0.69593,0.85085,0.64911,0.6751,0.60596,0.71122,0.60861
1,1.05,1.1,1.125,1.2,1.25,1.3,1.325,1.4,1.425,7.9969e-05,5.8188e-05,7.5542e-05,6.0005e-05,7.1836e-05,5.5398e-05,6.0704e-05,5.4928e-05,7.8626e-05,6.0368e-05,0.30303,0.31818,0.33333,0.34091,0.36364,0.37879,0.39394,0.40152,0.42424,0.43182,1,0.05,0.05,0.025,0.075,0.05,0.05,0.025,0.075,0.025,1.875,7.9969e-05,2.1781e-05,1.5537e-05,1.6438e-05,5.7768e-06,1.8258e-05,2.3699e-05,5.3068e-06,1.1831e-05,1.7355e-05,4.4386e-05,0.30303,0.015152,0.015152,0.0075758,0.022727,0.015152,0.015152,0.0075758,0.022727,0.0075758,0.56818,0,2.1781e-05,1.7355e-05,1.5537e-05,1.1831e-05,1.6438e-05,5.3068e-06,5.7768e-06,2.3699e-05,1.8258e-05,0,0.27237,0.19429,0.20556,0.072238,0.22832,0.29635,0.066361,0.14795,0.21702,0.55505,0,1,0.72763,0.94465,0.75035,0.8983,0.69274,0.7591,0.68687,0.98321,0.7549
1.7,1.75,1.8,1.825,1.9,1.925,2,2.05,2.1,2.175,7.547e-05,5.2841e-05,5.7389e-05,4.8377e-05,5.1952e-05,4.4288e-05,5.4637e-05,4.5339e-05,4.9804e-05,4.0119e-05,0.53125,0.54688,0.5625,0.57031,0.59375,0.60156,0.625,0.64063,0.65625,0.67969,1.7,0.05,0.05,0.025,0.075,0.025,0.075,0.05,0.05,0.075,1.025,7.547e-05,2.2628e-05,9.0121e-06,7.6641e-06,9.2971e-06,9.685e-06,4.4647e-06,1.0349e-05,3.5746e-06,4.548e-06,3.2392e-05,0.53125,0.015625,0.015625,0.0078125,0.023438,0.0078125,0.023438,0.015625,0.015625,0.023438,0.32031,0,2.2628e-05,4.548e-06,9.0121e-06,3.5746e-06,7.6641e-06,1.0349e-05,9.2971e-06,4.4647e-06,9.685e-06,0,0.29983,0.11941,0.10155,0.12319,0.12833,0.059158,0.13712,0.047365,0.060262,0.42921,0,1,0.70017,0.76043,0.64102,0.68838,0.58683,0.72395,0.60076,0.65992,0.53159
1.6,1.625,1.7,1.75,1.8,1.825,1.875,1.925,2,2.1,7.0853e-05,5.2495e-05,5.5627e-05,4.2468e-05,5.0485e-05,4.549e-05,4.7237e-05,4.1955e-05,4.6491e-05,3.2832e-05,0.48485,0.49242,0.51515,0.5303,0.54545,0.55303,0.56818,0.58333,0.60606,0.63636,1.6,0.025,0.075,0.05,0.05,0.025,0.05,0.05,0.075,0.1,1.2,7.0853e-05,1.8358e-05,1.3159e-05,4.9953e-06,5.2823e-06,1.3659e-05,4.5363e-06,1.747e-06,8.0173e-06,3.1314e-06,2.8934e-05,0.48485,0.0075758,0.022727,0.015152,0.015152,0.0075758,0.015152,0.015152,0.022727,0.030303,0.36364,0,1.8358e-05,3.1314e-06,1.3159e-05,8.0173e-06,4.9953e-06,1.747e-06,5.2823e-06,4.5363e-06,1.3659e-05,0,0.2591,0.18572,0.070502,0.074553,0.19278,0.064024,0.024657,0.11315,0.044196,0.40837,0,1,0.7409,0.7851,0.59938,0.71253,0.64203,0.66668,0.59213,0.65616,0.46338
1.7,1.75,1.8,1.925,2,2.05,2.1,2.125,2.2,2.225,8.6417e-05,5.8572e-05,7.0396e-05,4.3515e-05,5.0813e-05,4.057e-05,4.2693e-05,4.1019e-05,4.2339e-05,4.1148e-05,0.51515,0.5303,0.54545,0.58333,0.60606,0.62121,0.63636,0.64394,0.66667,0.67424,1.7,0.05,0.05,0.125,0.075,0.05,0.05,0.025,0.075,0.025,1.075,8.6417e-05,2.7845e-05,2.6881e-05,1.0242e-05,1.6745e-06,1.1919e-06,1.3209e-06,2.1226e-06,7.2974e-06,1.1825e-05,4.1043e-05,0.51515,0.015152,0.015152,0.037879,0.022727,0.015152,0.015152,0.0075758,0.022727,0.0075758,0.32576,0,2.7845e-05,1.1825e-05,2.6881e-05,7.2974e-06,1.0242e-05,2.1226e-06,1.6745e-06,1.3209e-06,1.1919e-06,0,0.32222,0.31106,0.11852,0.019377,0.013792,0.015285,0.024562,0.084444,0.13683,0.47494,0,1,0.67778,0.81461,0.50355,0.58799,0.46947,0.49404,0.47466,0.48994,0.47615
1.2,1.225,1.3,1.325,1.4,1.475,1.5,1.525,1.575,1.625,6.9495e-05,5.4012e-05,6.6387e-05,5.0195e-05,6.0856e-05,4.5312e-05,4.6753e-05,4.3275e-05,4.5016e-05,4.0759e-05,0.3871,0.39516,0.41935,0.42742,0.45161,0.47581,0.48387,0.49194,0.50806,0.52419,1.2,0.025,0.075,0.025,0.075,0.075,0.025,0.025,0.05,0.05,1.475,6.9495e-05,1.5483e-05,1.6192e-05,1.5544e-05,3.4779e-06,4.2571e-06,1.7411e-06,1.4407e-06,1.066e-05,1.2375e-05,4.3352e-05,0.3871,0.0080645,0.024194,0.0080645,0.024194,0.024194,0.0080645,0.0080645,0.016129,0.016129,0.47581,0,1.5483e-05,1.2375e-05,1.6192e-05,1.066e-05,1.5544e-05,1.4407e-06,3.4779e-06,1.7411e-06,4.2571e-06,0,0.22279,0.23299,0.22367,0.050045,0.061257,0.025054,0.02073,0.1534,0.17806,0.62381,0,1,0.77721,0.95527,0.72229,0.87568,0.65202,0.67275,0.6227,0.64776,0.5865
1.2,1.225,1.3,1.325,1.4,1.425,1.5,1.525,1.6,1.625,8.0213e-05,6.2276e-05,6.9186e-05,5.5018e-05,6.4197e-05,5.2877e-05,6.6182e-05,5.46e-05,7.9205e-05,6.4861e-05,0.41379,0.42241,0.44828,0.4569,0.48276,0.49138,0.51724,0.52586,0.55172,0.56034,1.2,0.025,0.075,0.025,0.075,0.025,0.075,0.025,0.075,0.025,1.275,8.0213e-05,1.7937e-05,1.4168e-05,1.132e-05,1.1582e-05,1.4344e-05,2.4605e-05,1.3305e-05,9.1783e-06,6.9102e-06,6.5503e-05,0.41379,0.0086207,0.025862,0.0086207,0.025862,0.0086207,0.025862,0.0086207,0.025862,0.0086207,0.43966,0,1.7937e-05,6.9102e-06,1.4168e-05,9.1783e-06,1.132e-05,1.3305e-05,1.1582e-05,2.4605e-05,1.4344e-05,0,0.22362,0.17663,0.14113,0.14439,0.17882,0.30675,0.16588,0.11442,0.086149,0.81661,0,1,0.77638,0.86253,0.6859,0.80033,0.6592,0.82508,0.68068,0.98743,0.80861
1.4,1.425,1.5,1.525,1.575,1.625,1.7,1.75,1.8,1.825,8.4391e-05,6.4822e-05,7.8298e-05,5.9773e-05,6.019e-05,5.0873e-05,5.8657e-05,4.7103e-05,5.8919e-05,5.0951e-05,0.48276,0.49138,0.51724,0.52586,0.5431,0.56034,0.58621,0.60345,0.62069,0.62931,1.4,0.025,0.075,0.025,0.05,0.05,0.075,0.05,0.05,0.025,1.075,8.4391e-05,1.9569e-05,1.8526e-05,9.3169e-06,1.1554e-05,7.9683e-06,1.1816e-05,7.7838e-06,4.174e-07,1.3477e-05,4.4769e-05,0.48276,0.0086207,0.025862,0.0086207,0.017241,0.017241,0.025862,0.017241,0.017241,0.0086207,0.37069,0,1.9569e-05,1.3477e-05,1.8526e-05,4.174e-07,9.3169e-06,7.7838e-06,1.1554e-05,1.1816e-05,7.9683e-06,0,0.23188,0.21952,0.1104,0.13691,0.094422,0.14002,0.092235,0.0049461,0.15969,0.5305,0,1,0.76812,0.92781,0.70829,0.71323,0.60283,0.69507,0.55815,0.69817,0.60375
1.7,1.75,1.8,1.85,1.9,1.925,2,2.1,2.125,2.15,6.8906e-05,5.1057e-05,5.9888e-05,4.4337e-05,5.2738e-05,4.7189e-05,4.7997e-05,3.4285e-05,3.5306e-05,3.4821e-05,0.5,0.51471,0.52941,0.54412,0.55882,0.56618,0.58824,0.61765,0.625,0.63235,1.7,0.05,0.05,0.05,0.05,0.025,0.075,0.1,0.025,0.025,1.25,6.8906e-05,1.7849e-05,1.5551e-05,5.5484e-06,1.3712e-05,4.8473e-07,1.0206e-06,8.0769e-07,8.4001e-06,8.8315e-06,2.3703e-05,0.5,0.014706,0.014706,0.014706,0.014706,0.0073529,0.022059,0.029412,0.0073529,0.0073529,0.36765,0,1.7849e-05,8.8315e-06,1.5551e-05,8.4001e-06,5.5484e-06,8.0769e-07,1.3712e-05,1.0206e-06,4.8473e-07,0,0.25904,0.22568,0.080522,0.19899,0.0070347,0.014812,0.011722,0.12191,0.12817,0.34399,0,1,0.74096,0.86913,0.64345,0.76536,0.68483,0.69656,0.49757,0.51238,0.50534
1.7,1.75,1.8,1.875,1.9,1.925,1.975,2.175,2.225,2.275,6.2023e-05,3.5951e-05,4.0964e-05,3.0616e-05,3.3277e-05,3.3e-05,3.788e-05,2.4127e-05,2.702e-05,2.2717e-05,0.47222,0.48611,0.5,0.52083,0.52778,0.53472,0.54861,0.60417,0.61806,0.63194,1.7,0.05,0.05,0.075,0.025,0.025,0.05,0.2,0.05,0.05,1.325,6.2023e-05,2.6071e-05,1.0349e-05,2.7708e-07,1.3754e-05,4.3022e-06,2.8928e-06,4.8805e-06,2.6612e-06,5.013e-06,3.2002e-05,0.47222,0.013889,0.013889,0.020833,0.0069444,0.0069444,0.013889,0.055556,0.013889,0.013889,0.36806,0,2.6071e-05,5.013e-06,1.0349e-05,2.6612e-06,2.7708e-07,4.8805e-06,1.3754e-05,2.8928e-06,4.3022e-06,0,0.42035,0.16685,0.0044674,0.22175,0.069365,0.046641,0.078689,0.042907,0.080826,0.51598,0,1,0.57965,0.66047,0.49362,0.53653,0.53206,0.61075,0.389,0.43564,0.36628
1.1,1.15,1.2,1.25,1.3,1.325,1.4,1.45,1.5,1.525,8.2832e-05,5.645e-05,7.0836e-05,5.1512e-05,5.7256e-05,4.5959e-05,5.7499e-05,4.4707e-05,5.5943e-05,4.5248e-05,0.32353,0.33824,0.35294,0.36765,0.38235,0.38971,0.41176,0.42647,0.44118,0.44853,1.1,0.05,0.05,0.05,0.05,0.025,0.075,0.05,0.05,0.025,1.875,8.2832e-05,2.6382e-05,1.9324e-05,1.1297e-05,1.2792e-05,1.0696e-05,1.1236e-05,1.154e-05,5.7436e-06,1.4386e-05,3.3659e-05,0.32353,0.014706,0.014706,0.014706,0.014706,0.0073529,0.022059,0.014706,0.014706,0.0073529,0.55147,0,2.6382e-05,1.4386e-05,1.9324e-05,5.7436e-06,1.1297e-05,1.154e-05,1.2792e-05,1.1236e-05,1.0696e-05,0,0.3185,0.23329,0.13638,0.15443,0.12912,0.13565,0.13932,0.06934,0.17367,0.40635,0,1,0.6815,0.85518,0.62188,0.69123,0.55484,0.69417,0.53973,0.67538,0.54626
1.4,1.425,1.5,1.525,1.6,1.65,1.7,1.75,1.8,1.825,6.5257e-05,5.0585e-05,6.1955e-05,4.905e-05,5.6109e-05,4.375e-05,4.9625e-05,4.0012e-05,4.3976e-05,4.0762e-05,0.45161,0.45968,0.48387,0.49194,0.51613,0.53226,0.54839,0.56452,0.58065,0.58871,1.4,0.025,0.075,0.025,0.075,0.05,0.05,0.05,0.05,0.025,1.275,6.5257e-05,1.4672e-05,1.2905e-05,1.2359e-05,9.6131e-06,3.2147e-06,3.9648e-06,5.8751e-06,7.0589e-06,1.137e-05,3.6073e-05,0.45161,0.0080645,0.024194,0.0080645,0.024194,0.016129,0.016129,0.016129,0.016129,0.0080645,0.41129,0,1.4672e-05,1.137e-05,1.2905e-05,7.0589e-06,1.2359e-05,5.8751e-06,9.6131e-06,3.9648e-06,3.2147e-06,0,0.22484,0.19775,0.18939,0.14731,0.049261,0.060757,0.09003,0.10817,0.17423,0.55279,0,1,0.77516,0.94939,0.75163,0.8598,0.67042,0.76045,0.61313,0.67389,0.62463
1.7,1.75,1.8,1.875,1.9,1.925,2,2.05,2.1,2.175,7.0938e-05,4.8883e-05,5.6444e-05,3.5983e-05,3.7651e-05,3.6684e-05,4.1056e-05,3.3706e-05,4.4566e-05,3.2587e-05,0.54839,0.56452,0.58065,0.60484,0.6129,0.62097,0.64516,0.66129,0.67742,0.70161,1.7,0.05,0.05,0.075,0.025,0.025,0.075,0.05,0.05,0.075,0.925,7.0938e-05,2.2055e-05,2.0461e-05,9.6672e-07,7.3498e-06,1.1978e-05,1.086e-05,4.3717e-06,1.6678e-06,7.5607e-06,3.6241e-05,0.54839,0.016129,0.016129,0.024194,0.0080645,0.0080645,0.024194,0.016129,0.016129,0.024194,0.29839,0,2.2055e-05,7.5607e-06,2.0461e-05,1.6678e-06,9.6672e-07,4.3717e-06,7.3498e-06,1.086e-05,1.1978e-05,0,0.31091,0.28843,0.013628,0.10361,0.16886,0.15308,0.061626,0.023511,0.10658,0.51088,0,1,0.68909,0.79567,0.50725,0.53076,0.51713,0.57875,0.47515,0.62823,0.45938
1.2,1.225,1.3,1.325,1.4,1.45,1.5,1.525,1.6,1.625,7.3966e-05,5.7808e-05,7.0221e-05,5.1125e-05,6.3393e-05,4.7109e-05,5.5915e-05,4.5816e-05,4.9554e-05,4.2415e-05,0.3871,0.39516,0.41935,0.42742,0.45161,0.46774,0.48387,0.49194,0.51613,0.52419,1.2,0.025,0.075,0.025,0.075,0.05,0.05,0.025,0.075,0.025,1.475,7.3966e-05,1.6158e-05,1.9096e-05,1.6284e-05,1.0099e-05,7.1392e-06,3.7378e-06,8.8064e-06,1.2268e-05,1.2413e-05,3.8525e-05,0.3871,0.0080645,0.024194,0.0080645,0.024194,0.016129,0.016129,0.0080645,0.024194,0.0080645,0.47581,0,1.6158e-05,1.2413e-05,1.9096e-05,1.2268e-05,1.6284e-05,8.8064e-06,1.0099e-05,3.7378e-06,7.1392e-06,0,0.21845,0.25818,0.22015,0.13654,0.09652,0.050534,0.11906,0.16586,0.16782,0.52085,0,1,0.78155,0.94936,0.69119,0.85705,0.6369,0.75596,0.61942,0.66995,0.57343
1.5,1.55,1.6,1.725,1.8,1.85,1.9,1.95,2,2.05,6.2599e-05,4.4884e-05,5.7911e-05,3.5423e-05,4.4003e-05,3.3946e-05,4.3256e-05,3.5071e-05,3.7847e-05,3.1596e-05,0.5,0.51667,0.53333,0.575,0.6,0.61667,0.63333,0.65,0.66667,0.68333,1.5,0.05,0.05,0.125,0.075,0.05,0.05,0.05,0.05,0.05,0.95,6.2599e-05,1.7715e-05,2.2488e-05,1.0056e-05,8.1852e-06,6.2514e-06,2.7766e-06,9.3099e-06,8.5798e-06,1.3026e-05,3.6651e-05,0.5,0.016667,0.016667,0.041667,0.025,0.016667,0.016667,0.016667,0.016667,0.016667,0.31667,0,1.7715e-05,1.3026e-05,2.2488e-05,8.5798e-06,1.0056e-05,9.3099e-06,8.1852e-06,2.7766e-06,6.2514e-06,0,0.28299,0.35923,0.16065,0.13076,0.099865,0.044355,0.14872,0.13706,0.20809,0.58549,0,1,0.71701,0.9251,0.56587,0.70293,0.54228,0.691,0.56025,0.6046,0.50474
1.2,1.225,1.3,1.35,1.4,1.425,1.5,1.525,1.6,1.625,8.0396e-05,5.7058e-05,7.1936e-05,5.1553e-05,5.9823e-05,4.7181e-05,5.3536e-05,4.4789e-05,5.444e-05,4.5124e-05,0.36364,0.37121,0.39394,0.40909,0.42424,0.43182,0.45455,0.46212,0.48485,0.49242,1.2,0.025,0.075,0.05,0.05,0.025,0.075,0.025,0.075,0.025,1.675,8.0396e-05,2.3339e-05,2.0384e-05,1.2642e-05,8.7472e-06,9.3163e-06,9.6509e-06,6.3558e-06,8.27e-06,1.4879e-05,3.6926e-05,0.36364,0.0075758,0.022727,0.015152,0.015152,0.0075758,0.022727,0.0075758,0.022727,0.0075758,0.50758,0,2.3339e-05,1.4879e-05,2.0384e-05,8.27e-06,1.2642e-05,6.3558e-06,8.7472e-06,9.6509e-06,9.3163e-06,0,0.2903,0.25354,0.15724,0.1088,0.11588,0.12004,0.079055,0.10286,0.18507,0.4593,0,1,0.7097,0.89477,0.64123,0.7441,0.58685,0.66591,0.55711,0.67715,0.56127
1.2,1.25,1.3,1.325,1.4,1.425,1.5,1.55,1.6,1.65,5.9128e-05,3.9195e-05,5.326e-05,4.0156e-05,4.6053e-05,3.6033e-05,4.0461e-05,3.1456e-05,3.6313e-05,2.9481e-05,0.4,0.41667,0.43333,0.44167,0.46667,0.475,0.5,0.51667,0.53333,0.55,1.2,0.05,0.05,0.025,0.075,0.025,0.075,0.05,0.05,0.05,1.35,5.9128e-05,1.9934e-05,1.3104e-05,1.002e-05,9.0058e-06,6.8316e-06,4.857e-06,4.4286e-06,5.8964e-06,1.4065e-05,3.3069e-05,0.4,0.016667,0.016667,0.0083333,0.025,0.0083333,0.025,0.016667,0.016667,0.016667,0.45,0,1.9934e-05,1.4065e-05,1.3104e-05,5.8964e-06,1.002e-05,4.4286e-06,9.0058e-06,4.857e-06,6.8316e-06,0,0.33713,0.22162,0.16946,0.15231,0.11554,0.082143,0.074898,0.099722,0.23788,0.55928,0,1,0.66287,0.90075,0.67913,0.77885,0.6094,0.6843,0.53199,0.61413,0.49859
1.5,1.525,1.6,1.625,1.7,1.75,1.8,1.95,2,2.025,5.4768e-05,4.4933e-05,5.3387e-05,4.1947e-05,4.8979e-05,3.547e-05,4.5878e-05,3.2317e-05,3.4609e-05,3.3833e-05,0.42857,0.43571,0.45714,0.46429,0.48571,0.5,0.51429,0.55714,0.57143,0.57857,1.5,0.025,0.075,0.025,0.075,0.05,0.05,0.15,0.05,0.025,1.475,5.4768e-05,9.8348e-06,1.144e-05,1.3509e-05,1.3561e-05,7.7544e-07,2.2914e-06,1.0408e-05,7.032e-06,8.4545e-06,2.8799e-05,0.42857,0.0071429,0.021429,0.0071429,0.021429,0.014286,0.014286,0.042857,0.014286,0.0071429,0.42143,0,9.8348e-06,8.4545e-06,1.144e-05,7.032e-06,1.3509e-05,1.0408e-05,1.3561e-05,2.2914e-06,7.7544e-07,0,0.17957,0.20888,0.24666,0.2476,0.014159,0.041839,0.19004,0.1284,0.15437,0.52585,0,1,0.82043,0.9748,0.76591,0.89431,0.64765,0.83769,0.59008,0.63192,0.61776
0.7,0.725,0.8,0.825,0.9,0.925,1,1.05,1.1,1.125,4.8542e-05,3.855e-05,4.4495e-05,3.564e-05,4.2203e-05,3.3802e-05,4.7704e-05,3.5799e-05,4.556e-05,3.6389e-05,0.22581,0.23387,0.25806,0.26613,0.29032,0.29839,0.32258,0.33871,0.35484,0.3629,0.7,0.025,0.075,0.025,0.075,0.025,0.075,0.05,0.05,0.025,1.975,4.8542e-05,9.992e-06,8.8548e-06,8.4016e-06,1.1905e-05,9.1706e-06,9.7608e-06,1.3902e-05,6.563e-06,5.9453e-06,3.4744e-05,0.22581,0.0080645,0.024194,0.0080645,0.024194,0.0080645,0.024194,0.016129,0.016129,0.0080645,0.6371,0,9.992e-06,5.9453e-06,8.8548e-06,6.563e-06,8.4016e-06,1.3902e-05,1.1905e-05,9.7608e-06,9.1706e-06,0,0.20584,0.18242,0.17308,0.24525,0.18892,0.20108,0.28639,0.1352,0.12248,0.71576,0,1,0.79416,0.91664,0.73422,0.86942,0.69634,0.98273,0.73749,0.93857,0.74965
1.7,1.75,1.8,1.9,1.975,2.05,2.1,2.125,2.2,2.3,7.4291e-05,3.7005e-05,5.279e-05,1.6252e-05,3.203e-05,1.8023e-05,3.0566e-05,3.0486e-05,3.5137e-05,2.2839e-05,0.54839,0.56452,0.58065,0.6129,0.6371,0.66129,0.67742,0.68548,0.70968,0.74194,1.7,0.05,0.05,0.1,0.075,0.075,0.05,0.025,0.075,0.1,0.8,7.4291e-05,3.7286e-05,3.6538e-05,1.4007e-05,8.0253e-08,1.2297e-05,4.6508e-06,1.2543e-05,1.5778e-05,1.5785e-05,4.0126e-05,0.54839,0.016129,0.016129,0.032258,0.024194,0.024194,0.016129,0.0080645,0.024194,0.032258,0.25806,0,3.7286e-05,1.5785e-05,3.6538e-05,1.5778e-05,1.4007e-05,1.2543e-05,8.0253e-08,4.6508e-06,1.2297e-05,0,0.50189,0.49182,0.18854,0.0010803,0.16553,0.062602,0.16883,0.21238,0.21247,0.54012,0,1,0.49811,0.71058,0.21876,0.43114,0.2426,0.41144,0.41036,0.47296,0.30743
2,2.075,2.1,2.2,2.275,2.35,2.425,2.5,2.55,2.6,8.4168e-05,4.9827e-05,5.4689e-05,4.158e-05,4.803e-05,3.9225e-05,4.1302e-05,3.5582e-05,4.1164e-05,2.868e-05,0.58824,0.61029,0.61765,0.64706,0.66912,0.69118,0.71324,0.73529,0.75,0.76471,2,0.075,0.025,0.1,0.075,0.075,0.075,0.075,0.05,0.05,0.8,8.4168e-05,3.4341e-05,1.3109e-05,8.8055e-06,5.7201e-06,1.2484e-05,5.5821e-06,2.0773e-06,6.4504e-06,4.8615e-06,1.9421e-05,0.58824,0.022059,0.0073529,0.029412,0.022059,0.022059,0.022059,0.022059,0.014706,0.014706,0.23529,0,3.4341e-05,4.8615e-06,1.3109e-05,6.4504e-06,8.8055e-06,2.0773e-06,5.7201e-06,5.5821e-06,1.2484e-05,0,0.408,0.15575,0.10462,0.067961,0.14832,0.066321,0.024681,0.076637,0.05776,0.23075,0,1,0.592,0.64976,0.49401,0.57065,0.46603,0.49071,0.42275,0.48907,0.34075
1.6,1.675,1.75,1.825,1.85,1.925,2,2.05,2.1,2.2,5.9902e-05,4.0091e-05,5.0214e-05,4.203e-05,4.4766e-05,3.4798e-05,5.7413e-05,4.132e-05,4.7316e-05,3.4757e-05,0.53333,0.55833,0.58333,0.60833,0.61667,0.64167,0.66667,0.68333,0.7,0.73333,1.6,0.075,0.075,0.075,0.025,0.075,0.075,0.05,0.05,0.1,0.8,5.9902e-05,1.9812e-05,8.1841e-06,9.9686e-06,1.6093e-05,1.2559e-05,5.9955e-06,2.2615e-05,2.7368e-06,1.0123e-05,4.1501e-05,0.53333,0.025,0.025,0.025,0.0083333,0.025,0.025,0.016667,0.016667,0.033333,0.26667,0,1.9812e-05,1.0123e-05,8.1841e-06,2.7368e-06,9.9686e-06,2.2615e-05,1.6093e-05,5.9955e-06,1.2559e-05,0,0.33073,0.13662,0.16641,0.26865,0.20966,0.10009,0.37753,0.045687,0.16899,0.69281,0,1,0.66927,0.83826,0.70163,0.74732,0.58091,0.95844,0.68979,0.78988,0.58022
1.7,1.725,1.8,1.825,1.85,1.925,2,2.05,2.1,2.3,8.3296e-05,6.156e-05,6.4337e-05,5.1471e-05,5.3392e-05,4.4432e-05,6.2154e-05,4.4092e-05,4.6281e-05,3.4704e-05,0.5,0.50735,0.52941,0.53676,0.54412,0.56618,0.58824,0.60294,0.61765,0.67647,1.7,0.025,0.075,0.025,0.025,0.075,0.075,0.05,0.05,0.2,1.1,8.3296e-05,2.1736e-05,1.2866e-05,8.9601e-06,1.8061e-05,1.1577e-05,2.1888e-06,1.7721e-05,1.9218e-06,2.7766e-06,2.7076e-05,0.5,0.0073529,0.022059,0.0073529,0.0073529,0.022059,0.022059,0.014706,0.014706,0.058824,0.32353,0,2.1736e-05,2.7766e-06,1.2866e-05,1.9218e-06,8.9601e-06,1.7721e-05,1.8061e-05,2.1888e-06,1.1577e-05,0,0.26095,0.15446,0.10757,0.21683,0.13898,0.026277,0.21275,0.023072,0.033334,0.32506,0,1,0.73905,0.77238,0.61792,0.64099,0.53343,0.74617,0.52934,0.55562,0.41664
1,1.05,1.1,1.125,1.2,1.225,1.3,1.35,1.4,1.425,7.1039e-05,4.7184e-05,5.8271e-05,4.4958e-05,5.518e-05,4.2739e-05,5.3429e-05,4.0613e-05,5.3685e-05,4.2795e-05,0.29412,0.30882,0.32353,0.33088,0.35294,0.36029,0.38235,0.39706,0.41176,0.41912,1,0.05,0.05,0.025,0.075,0.025,0.075,0.05,0.05,0.025,1.975,7.1039e-05,2.3855e-05,1.3312e-05,1.2441e-05,1.2816e-05,1.089e-05,1.3072e-05,1.069e-05,1.0222e-05,1.1086e-05,5.1039e-05,0.29412,0.014706,0.014706,0.0073529,0.022059,0.0073529,0.022059,0.014706,0.014706,0.0073529,0.58088,0,2.3855e-05,1.1086e-05,1.3312e-05,1.0222e-05,1.2441e-05,1.069e-05,1.2816e-05,1.3072e-05,1.089e-05,0,0.3358,0.18739,0.17513,0.18041,0.1533,0.18401,0.15048,0.14389,0.15606,0.71846,0,1,0.6642,0.82026,0.63287,0.77675,0.60163,0.75211,0.5717,0.75571,0.60241
1.5,1.55,1.6,1.625,1.675,1.75,1.8,1.825,1.9,2.025,7.3499e-05,5.3904e-05,5.7713e-05,4.7922e-05,5.0379e-05,4.1963e-05,4.9254e-05,4.4631e-05,5.0865e-05,4.1192e-05,0.48387,0.5,0.51613,0.52419,0.54032,0.56452,0.58065,0.58871,0.6129,0.65323,1.5,0.05,0.05,0.025,0.05,0.075,0.05,0.025,0.075,0.125,1.075,7.3499e-05,1.9595e-05,9.7911e-06,8.4164e-06,4.6231e-06,9.6725e-06,6.234e-06,7.2914e-06,2.4574e-06,3.8093e-06,4.1756e-05,0.48387,0.016129,0.016129,0.0080645,0.016129,0.024194,0.016129,0.0080645,0.024194,0.040323,0.34677,0,1.9595e-05,3.8093e-06,9.7911e-06,2.4574e-06,8.4164e-06,7.2914e-06,4.6231e-06,6.234e-06,9.6725e-06,0,0.26661,0.13321,0.11451,0.062901,0.1316,0.084817,0.099204,0.033435,0.051828,0.56811,0,1,0.73339,0.78522,0.65201,0.68544,0.57093,0.67014,0.60723,0.69205,0.56045
1.8,1.85,1.9,1.925,1.95,2.025,2.1,2.15,2.2,2.275,6.4755e-05,5.1041e-05,5.8087e-05,5.1477e-05,5.3605e-05,4.1291e-05,5.0446e-05,4.05e-05,5.1965e-05,4.0049e-05,0.5625,0.57813,0.59375,0.60156,0.60938,0.63281,0.65625,0.67187,0.6875,0.71094,1.8,0.05,0.05,0.025,0.025,0.075,0.075,0.05,0.05,0.075,0.925,6.4755e-05,1.3715e-05,6.6104e-06,1.2314e-05,9.9458e-06,1.1916e-05,1.1465e-05,9.1548e-06,2.1281e-06,7.0467e-06,3.3732e-05,0.5625,0.015625,0.015625,0.0078125,0.0078125,0.023438,0.023438,0.015625,0.015625,0.023438,0.28906,0,1.3715e-05,7.0467e-06,6.6104e-06,2.1281e-06,1.2314e-05,9.1548e-06,9.9458e-06,1.1465e-05,1.1916e-05,0,0.21179,0.10208,0.19016,0.15359,0.18401,0.17705,0.14137,0.032864,0.10882,0.52091,0,1,0.78821,0.89703,0.79495,0.82781,0.63765,0.77902,0.62543,0.80248,0.61847
1.2,1.225,1.3,1.35,1.4,1.425,1.5,1.525,1.6,1.625,5.9595e-05,4.5128e-05,5.4644e-05,4.1752e-05,4.9092e-05,4.1541e-05,4.3536e-05,3.8471e-05,4.5857e-05,3.8479e-05,0.34286,0.35,0.37143,0.38571,0.4,0.40714,0.42857,0.43571,0.45714,0.46429,1.2,0.025,0.075,0.05,0.05,0.025,0.075,0.025,0.075,0.025,1.875,5.9595e-05,1.4467e-05,1.2892e-05,7.5508e-06,5.065e-06,7.3785e-06,7.3856e-06,1.9955e-06,7.3395e-06,9.5166e-06,3.3887e-05,0.34286,0.0071429,0.021429,0.014286,0.014286,0.0071429,0.021429,0.0071429,0.021429,0.0071429,0.53571,0,1.4467e-05,9.5166e-06,1.2892e-05,7.3395e-06,7.5508e-06,1.9955e-06,5.065e-06,7.3856e-06,7.3785e-06,0,0.24275,0.21633,0.1267,0.08499,0.12381,0.12393,0.033484,0.12316,0.15969,0.56863,0,1,0.75725,0.91693,0.7006,0.82376,0.69706,0.73054,0.64555,0.76948,0.64567
1.7,1.75,1.8,1.925,1.975,2.05,2.1,2.15,2.175,2.275,6.9563e-05,4.6606e-05,5.4414e-05,3.135e-05,3.562e-05,2.9288e-05,3.1679e-05,2.9497e-05,2.9935e-05,2.6501e-05,0.62963,0.64815,0.66667,0.71296,0.73148,0.75926,0.77778,0.7963,0.80556,0.84259,1.7,0.05,0.05,0.125,0.05,0.075,0.05,0.05,0.025,0.1,0.425,6.9563e-05,2.2958e-05,2.3064e-05,6.3314e-06,2.1819e-06,3.4337e-06,4.3739e-07,2.391e-06,4.2699e-06,7.8083e-06,4.3369e-05,0.62963,0.018519,0.018519,0.046296,0.018519,0.027778,0.018519,0.018519,0.0092593,0.037037,0.15741,0,2.2958e-05,7.8083e-06,2.3064e-05,4.2699e-06,6.3314e-06,2.391e-06,2.1819e-06,4.3739e-07,3.4337e-06,0,0.33003,0.33156,0.091016,0.031366,0.04936,0.0062877,0.034371,0.061381,0.11225,0.62344,0,1,0.66997,0.78222,0.45067,0.51205,0.42103,0.4554,0.42404,0.43032,0.38096
1.1,1.15,1.2,1.225,1.3,1.35,1.4,1.425,1.5,1.525,8.0907e-05,6.1721e-05,6.895e-05,5.6294e-05,6.6881e-05,5.082e-05,5.8696e-05,5.1843e-05,5.8114e-05,5.1883e-05,0.32353,0.33824,0.35294,0.36029,0.38235,0.39706,0.41176,0.41912,0.44118,0.44853,1.1,0.05,0.05,0.025,0.075,0.05,0.05,0.025,0.075,0.025,1.875,8.0907e-05,1.9186e-05,1.2656e-05,1.6061e-05,6.8533e-06,6.2305e-06,6.2705e-06,7.876e-06,1.0587e-05,7.2298e-06,3.5186e-05,0.32353,0.014706,0.014706,0.0073529,0.022059,0.014706,0.014706,0.0073529,0.022059,0.0073529,0.55147,0,1.9186e-05,7.2298e-06,1.2656e-05,1.0587e-05,1.6061e-05,7.876e-06,6.8533e-06,6.2705e-06,6.2305e-06,0,0.23714,0.15643,0.19851,0.084705,0.077008,0.077502,0.097346,0.13085,0.089359,0.43489,0,1,0.76286,0.85222,0.69579,0.82664,0.62813,0.72548,0.64077,0.71827,0.64127
1.7,1.75,1.8,1.875,1.9,1.925,2,2.1,2.2,2.3,6.0844e-05,3.9335e-05,4.4618e-05,3.3472e-05,3.5084e-05,3.2546e-05,3.938e-05,2.5367e-05,2.8916e-05,1.9159e-05,0.5,0.51471,0.52941,0.55147,0.55882,0.56618,0.58824,0.61765,0.64706,0.67647,1.7,0.05,0.05,0.075,0.025,0.025,0.075,0.1,0.1,0.1,1.1,6.0844e-05,2.1509e-05,1.1146e-05,2.5384e-06,1.4013e-05,9.7565e-06,3.549e-06,6.8339e-06,1.6118e-06,5.2829e-06,4.1004e-05,0.5,0.014706,0.014706,0.022059,0.0073529,0.0073529,0.022059,0.029412,0.029412,0.029412,0.32353,0,2.1509e-05,5.2829e-06,1.1146e-05,1.6118e-06,2.5384e-06,6.8339e-06,1.4013e-05,3.549e-06,9.7565e-06,0,0.35351,0.18318,0.04172,0.23031,0.16035,0.05833,0.11232,0.02649,0.086827,0.67391,0,1,0.64649,0.73332,0.55013,0.57663,0.5349,0.64722,0.41692,0.47525,0.31489
0.8,0.825,0.9,0.925,1,1.05,1.1,1.15,1.2,1.225,0.0001002,7.384e-05,8.3186e-05,6.7273e-05,9.5522e-05,7.0076e-05,8.3251e-05,6.3049e-05,6.6588e-05,5.8369e-05,0.28571,0.29464,0.32143,0.33036,0.35714,0.375,0.39286,0.41071,0.42857,0.4375,0.8,0.025,0.075,0.025,0.075,0.05,0.05,0.05,0.05,0.025,1.575,0.0001002,2.6357e-05,1.5913e-05,2.5447e-05,2.0203e-05,8.2189e-06,3.5393e-06,1.3176e-05,2.8249e-05,9.3455e-06,4.0493e-05,0.28571,0.0089286,0.026786,0.0089286,0.026786,0.017857,0.017857,0.017857,0.017857,0.0089286,0.5625,0,2.6357e-05,9.3455e-06,1.5913e-05,2.8249e-05,2.5447e-05,1.3176e-05,2.0203e-05,3.5393e-06,8.2189e-06,0,0.26305,0.15881,0.25397,0.20163,0.082027,0.035323,0.1315,0.28194,0.09327,0.40413,0,1,0.73695,0.83022,0.6714,0.95334,0.69937,0.83087,0.62924,0.66457,0.58254
1.1,1.125,1.2,1.225,1.3,1.35,1.4,1.425,1.5,1.525,5.9377e-05,4.75e-05,5.6182e-05,4.341e-05,5.5619e-05,4.1422e-05,4.9451e-05,4.0875e-05,4.8599e-05,4.4113e-05,0.31429,0.32143,0.34286,0.35,0.37143,0.38571,0.4,0.40714,0.42857,0.43571,1.1,0.025,0.075,0.025,0.075,0.05,0.05,0.025,0.075,0.025,1.975,5.9377e-05,1.1877e-05,1.2772e-05,1.4197e-05,8.5756e-06,4.4859e-06,7.7244e-06,8.0289e-06,1.2209e-05,8.6816e-06,4.3036e-05,0.31429,0.0071429,0.021429,0.0071429,0.021429,0.014286,0.014286,0.0071429,0.021429,0.0071429,0.56429,0,1.1877e-05,8.6816e-06,1.2772e-05,1.2209e-05,1.4197e-05,8.0289e-06,8.5756e-06,7.7244e-06,4.4859e-06,0,0.20003,0.21509,0.2391,0.14443,0.075549,0.13009,0.13522,0.20561,0.14621,0.72478,0,1,0.79997,0.94618,0.73109,0.9367,0.6976,0.83282,0.68839,0.81848,0.74293
1.4,1.45,1.5,1.625,1.675,1.75,1.8,1.95,2.1,2.225,7.6346e-05,5.1618e-05,6.6042e-05,3.7876e-05,4.3789e-05,3.3041e-05,3.7163e-05,3.01e-05,5.1044e-05,3.2836e-05,0.42424,0.43939,0.45455,0.49242,0.50758,0.5303,0.54545,0.59091,0.63636,0.67424,1.4,0.05,0.05,0.125,0.05,0.075,0.05,0.15,0.15,0.125,1.075,7.6346e-05,2.4728e-05,2.8166e-05,1.0748e-05,7.063e-06,1.8208e-05,2.0945e-05,4.1216e-06,5.9132e-06,1.4424e-05,4.2716e-05,0.42424,0.015152,0.015152,0.037879,0.015152,0.022727,0.015152,0.045455,0.045455,0.037879,0.32576,0,2.4728e-05,1.4424e-05,2.8166e-05,5.9132e-06,1.0748e-05,4.1216e-06,7.063e-06,2.0945e-05,1.8208e-05,0,0.3239,0.36893,0.14078,0.092514,0.2385,0.27434,0.053987,0.077452,0.18893,0.5595,0,1,0.6761,0.86504,0.49611,0.57356,0.43278,0.48677,0.39425,0.66859,0.4301
1.4,1.425,1.5,1.525,1.6,1.625,1.7,1.75,1.8,1.85,6.9973e-05,5.8499e-05,6.4038e-05,5.2384e-05,6.0894e-05,5.0453e-05,5.854e-05,4.4579e-05,4.695e-05,4.3851e-05,0.4,0.40714,0.42857,0.43571,0.45714,0.46429,0.48571,0.5,0.51429,0.52857,1.4,0.025,0.075,0.025,0.075,0.025,0.075,0.05,0.05,0.05,1.65,6.9973e-05,1.1474e-05,1.1655e-05,1.044e-05,1.3962e-05,3.1e-06,2.3718e-06,8.087e-06,8.5103e-06,5.5396e-06,3.311e-05,0.4,0.0071429,0.021429,0.0071429,0.021429,0.0071429,0.021429,0.014286,0.014286,0.014286,0.47143,0,1.1474e-05,5.5396e-06,1.1655e-05,8.5103e-06,1.044e-05,8.087e-06,1.3962e-05,2.3718e-06,3.1e-06,0,0.16398,0.16656,0.14921,0.19953,0.044302,0.033896,0.11557,0.12162,0.079168,0.47319,0,1,0.83602,0.91518,0.74862,0.87024,0.72104,0.83661,0.63708,0.67098,0.62668
1.3,1.35,1.4,1.45,1.5,1.525,1.55,1.65,1.7,1.8,6.768e-05,4.259e-05,5.1377e-05,3.7544e-05,4.302e-05,3.8214e-05,3.9779e-05,3.1654e-05,3.3303e-05,2.8431e-05,0.43333,0.45,0.46667,0.48333,0.5,0.50833,0.51667,0.55,0.56667,0.6,1.3,0.05,0.05,0.05,0.05,0.025,0.025,0.1,0.05,0.1,1.2,6.768e-05,2.509e-05,1.3833e-05,4.8062e-06,8.1248e-06,4.8717e-06,1.6489e-06,1.5649e-06,5.4762e-06,8.787e-06,4.2739e-05,0.43333,0.016667,0.016667,0.016667,0.016667,0.0083333,0.0083333,0.033333,0.016667,0.033333,0.4,0,2.509e-05,8.787e-06,1.3833e-05,5.4762e-06,4.8062e-06,1.5649e-06,8.1248e-06,1.6489e-06,4.8717e-06,0,0.37072,0.20438,0.071014,0.12005,0.071981,0.024364,0.023122,0.080913,0.12983,0.63148,0,1,0.62928,0.75911,0.55473,0.63564,0.56463,0.58775,0.4677,0.49207,0.42009
1,1.025,1.1,1.125,1.2,1.25,1.3,1.325,1.4,1.425,7.8242e-05,6.2514e-05,6.9376e-05,5.5741e-05,7.0237e-05,5.198e-05,5.7274e-05,5.2281e-05,5.95e-05,5.2772e-05,0.28571,0.29286,0.31429,0.32143,0.34286,0.35714,0.37143,0.37857,0.4,0.40714,1,0.025,0.075,0.025,0.075,0.05,0.05,0.025,0.075,0.025,2.075,7.8242e-05,1.5728e-05,1.3635e-05,1.8257e-05,4.9926e-06,6.7279e-06,7.2189e-06,5.2942e-06,1.4496e-05,6.8616e-06,4.2593e-05,0.28571,0.0071429,0.021429,0.0071429,0.021429,0.014286,0.014286,0.0071429,0.021429,0.0071429,0.59286,0,1.5728e-05,6.8616e-06,1.3635e-05,1.4496e-05,1.8257e-05,5.2942e-06,4.9926e-06,7.2189e-06,6.7279e-06,0,0.20101,0.17427,0.23334,0.06381,0.085988,0.092264,0.067664,0.18527,0.087697,0.54437,0,1,0.79899,0.88669,0.71241,0.89768,0.66435,0.73201,0.6682,0.76047,0.67448
1.5,1.55,1.6,1.65,1.7,1.725,1.775,1.85,1.9,2,7.5653e-05,4.8749e-05,5.3736e-05,4.1658e-05,4.9506e-05,4.2948e-05,4.435e-05,3.7224e-05,3.8348e-05,3.0307e-05,0.46875,0.48438,0.5,0.51563,0.53125,0.53906,0.55469,0.57813,0.59375,0.625,1.5,0.05,0.05,0.05,0.05,0.025,0.05,0.075,0.05,0.1,1.2,7.5653e-05,2.6904e-05,1.2078e-05,6.5571e-06,7.1263e-06,8.0409e-06,1.1238e-06,1.4018e-06,7.8479e-06,4.9869e-06,4.1911e-05,0.46875,0.015625,0.015625,0.015625,0.015625,0.0078125,0.015625,0.023438,0.015625,0.03125,0.375,0,2.6904e-05,4.9869e-06,1.2078e-05,7.8479e-06,6.5571e-06,1.4018e-06,7.1263e-06,1.1238e-06,8.0409e-06,0,0.35563,0.15965,0.086673,0.094198,0.10629,0.014855,0.01853,0.10374,0.065918,0.55399,0,1,0.64437,0.71029,0.55064,0.65438,0.5677,0.58623,0.49203,0.50689,0.4006
1.1,1.125,1.2,1.225,1.3,1.325,1.4,1.425,1.5,1.525,7.9313e-05,6.2017e-05,7.3852e-05,6.0636e-05,7.198e-05,6.0236e-05,7.182e-05,5.7713e-05,6.3404e-05,5.333e-05,0.37931,0.38793,0.41379,0.42241,0.44828,0.4569,0.48276,0.49138,0.51724,0.52586,1.1,0.025,0.075,0.025,0.075,0.025,0.075,0.025,0.075,0.025,1.375,7.9313e-05,1.7296e-05,1.3216e-05,1.1743e-05,1.4107e-05,1.0075e-05,5.6911e-06,1.1583e-05,1.1343e-05,1.1835e-05,5.8408e-05,0.37931,0.0086207,0.025862,0.0086207,0.025862,0.0086207,0.025862,0.0086207,0.025862,0.0086207,0.47414,0,1.7296e-05,1.1835e-05,1.3216e-05,1.1343e-05,1.1743e-05,1.1583e-05,1.4107e-05,5.6911e-06,1.0075e-05,0,0.21808,0.16663,0.14806,0.17786,0.12702,0.071754,0.14605,0.14302,0.14922,0.73642,0,1,0.78192,0.93115,0.76452,0.90753,0.75947,0.90552,0.72766,0.79942,0.67239
1.4,1.45,1.5,1.575,1.6,1.625,1.7,1.775,1.8,1.875,0.00010918,7.3159e-05,8.2339e-05,6.2159e-05,6.2993e-05,5.7864e-05,6.5992e-05,5.3381e-05,5.4782e-05,5.2435e-05,0.42424,0.43939,0.45455,0.47727,0.48485,0.49242,0.51515,0.53788,0.54545,0.56818,1.4,0.05,0.05,0.075,0.025,0.025,0.075,0.075,0.025,0.075,1.425,0.00010918,3.6022e-05,2.018e-05,5.1293e-06,1.2611e-05,2.347e-06,1.4011e-06,8.1283e-06,8.3419e-07,9.18e-06,3.7619e-05,0.42424,0.015152,0.015152,0.022727,0.0075758,0.0075758,0.022727,0.022727,0.0075758,0.022727,0.43182,0,3.6022e-05,9.18e-06,2.018e-05,8.3419e-07,5.1293e-06,8.1283e-06,1.2611e-05,1.4011e-06,2.347e-06,0,0.32993,0.18483,0.04698,0.11551,0.021496,0.012833,0.074449,0.0076405,0.084081,0.34456,0,1,0.67007,0.75415,0.56932,0.57697,0.52998,0.60443,0.48892,0.50176,0.48026
1.4,1.425,1.5,1.55,1.6,1.65,1.7,1.9,2,2.05,6.7778e-05,5.5477e-05,6.6248e-05,4.8175e-05,5.1058e-05,4.0764e-05,5.3678e-05,3.4531e-05,3.8656e-05,3.633e-05,0.46667,0.475,0.5,0.51667,0.53333,0.55,0.56667,0.63333,0.66667,0.68333,1.4,0.025,0.075,0.05,0.05,0.05,0.05,0.2,0.1,0.05,0.95,6.7778e-05,1.2301e-05,1.8074e-05,1.0295e-05,1.9146e-05,2.3265e-06,4.1252e-06,1.2914e-05,2.8836e-06,1.0771e-05,3.7394e-05,0.46667,0.0083333,0.025,0.016667,0.016667,0.016667,0.016667,0.066667,0.033333,0.016667,0.31667,0,1.2301e-05,1.0771e-05,1.8074e-05,2.8836e-06,1.0295e-05,1.2914e-05,1.9146e-05,4.1252e-06,2.3265e-06,0,0.18149,0.26666,0.15189,0.28249,0.034326,0.060864,0.19053,0.042545,0.15892,0.55171,0,1,0.81851,0.97743,0.71077,0.75332,0.60143,0.79196,0.50947,0.57034,0.53601
1.2,1.225,1.3,1.325,1.4,1.45,1.5,1.525,1.6,1.625,7.2035e-05,5.5484e-05,6.5048e-05,4.9164e-05,6.276e-05,4.6701e-05,5.3628e-05,4.5557e-05,4.8874e-05,4.2957e-05,0.4,0.40833,0.43333,0.44167,0.46667,0.48333,0.5,0.50833,0.53333,0.54167,1.2,0.025,0.075,0.025,0.075,0.05,0.05,0.025,0.075,0.025,1.375,7.2035e-05,1.6551e-05,1.5884e-05,1.6059e-05,8.0714e-06,5.9174e-06,3.3175e-06,6.9273e-06,1.3596e-05,9.5643e-06,4.5563e-05,0.4,0.0083333,0.025,0.0083333,0.025,0.016667,0.016667,0.0083333,0.025,0.0083333,0.45833,0,1.6551e-05,9.5643e-06,1.5884e-05,1.3596e-05,1.6059e-05,6.9273e-06,8.0714e-06,3.3175e-06,5.9174e-06,0,0.22976,0.2205,0.22294,0.11205,0.082147,0.046055,0.096167,0.18874,0.13277,0.63251,0,1,0.77024,0.90301,0.68251,0.87125,0.64831,0.74448,0.63243,0.67848,0.59634
1.5,1.55,1.6,1.625,1.7,1.725,1.8,1.85,1.9,1.925,7.9375e-05,5.4632e-05,6.0595e-05,5.0313e-05,6.045e-05,5.1712e-05,6.1137e-05,4.6747e-05,5.3353e-05,4.6175e-05,0.46875,0.48438,0.5,0.50781,0.53125,0.53906,0.5625,0.57813,0.59375,0.60156,1.5,0.05,0.05,0.025,0.075,0.025,0.075,0.05,0.05,0.025,1.275,7.9375e-05,2.4743e-05,1.0282e-05,8.7383e-06,1.439e-05,7.1773e-06,6.6062e-06,9.4251e-06,1.0138e-05,5.9628e-06,4.4683e-05,0.46875,0.015625,0.015625,0.0078125,0.023438,0.0078125,0.023438,0.015625,0.015625,0.0078125,0.39844,0,2.4743e-05,5.9628e-06,1.0282e-05,1.0138e-05,8.7383e-06,9.4251e-06,1.439e-05,6.6062e-06,7.1773e-06,0,0.31172,0.12954,0.11009,0.1813,0.090423,0.083229,0.11874,0.12772,0.075123,0.56294,0,1,0.68828,0.7634,0.63386,0.76158,0.65149,0.77023,0.58894,0.67216,0.58174
1.1,1.15,1.2,1.225,1.25,1.325,1.4,1.425,1.5,1.55,7.6546e-05,4.7216e-05,5.3969e-05,4.9773e-05,5.3726e-05,4.287e-05,5.8196e-05,4.8161e-05,6.091e-05,4.6325e-05,0.31429,0.32857,0.34286,0.35,0.35714,0.37857,0.4,0.40714,0.42857,0.44286,1.1,0.05,0.05,0.025,0.025,0.075,0.075,0.025,0.075,0.05,1.95,7.6546e-05,2.9331e-05,4.1957e-06,1.0855e-05,1.0035e-05,1.4585e-05,1.2749e-05,1.5326e-05,3.9526e-06,6.753e-06,3.9397e-05,0.31429,0.014286,0.014286,0.0071429,0.0071429,0.021429,0.021429,0.0071429,0.021429,0.014286,0.55714,0,2.9331e-05,6.753e-06,4.1957e-06,3.9526e-06,1.0855e-05,1.5326e-05,1.0035e-05,1.2749e-05,1.4585e-05,0,0.38317,0.054813,0.14182,0.13109,0.19054,0.16655,0.20022,0.051637,0.088222,0.51469,0,1,0.61683,0.70505,0.65023,0.70187,0.56006,0.76027,0.62918,0.79573,0.60519
0.9,1.025,1.1,1.175,1.2,1.225,1.3,1.325,1.4,1.425,7.0817e-05,3.5272e-05,5.3037e-05,3.7462e-05,3.8946e-05,3.6528e-05,4.1793e-05,3.6748e-05,4.2508e-05,3.5246e-05,0.3,0.34167,0.36667,0.39167,0.4,0.40833,0.43333,0.44167,0.46667,0.475,0.9,0.125,0.075,0.075,0.025,0.025,0.075,0.025,0.075,0.025,1.575,7.0817e-05,3.5545e-05,1.5575e-05,2.4181e-06,5.0452e-06,7.2627e-06,5.7602e-06,5.2652e-06,1.4847e-06,1.7765e-05,3.6712e-05,0.3,0.041667,0.025,0.025,0.0083333,0.0083333,0.025,0.0083333,0.025,0.0083333,0.525,0,3.5545e-05,1.7765e-05,1.5575e-05,1.4847e-06,2.4181e-06,5.2652e-06,5.0452e-06,5.7602e-06,7.2627e-06,0,0.50192,0.21994,0.034146,0.071243,0.10256,0.08134,0.074349,0.020965,0.25085,0.51841,0,1,0.49808,0.74893,0.52899,0.54996,0.51581,0.59016,0.51892,0.60026,0.4977
0.9,0.925,1,1.05,1.1,1.125,1.2,1.225,1.3,1.325,7.707e-05,5.6402e-05,7.2801e-05,4.7356e-05,5.8159e-05,4.5822e-05,5.8352e-05,4.9587e-05,6.2223e-05,4.6751e-05,0.32143,0.33036,0.35714,0.375,0.39286,0.40179,0.42857,0.4375,0.46429,0.47321,0.9,0.025,0.075,0.05,0.05,0.025,0.075,0.025,0.075,0.025,1.475,7.707e-05,2.0668e-05,2.5445e-05,1.2338e-05,8.7648e-06,1.5472e-05,1.2636e-05,1.253e-05,1.0803e-05,1.6399e-05,5.2566e-05,0.32143,0.0089286,0.026786,0.017857,0.017857,0.0089286,0.026786,0.0089286,0.026786,0.0089286,0.52679,0,2.0668e-05,1.6399e-05,2.5445e-05,1.0803e-05,1.2338e-05,1.253e-05,8.7648e-06,1.2636e-05,1.5472e-05,0,0.26818,0.33015,0.16009,0.11372,0.20075,0.16395,0.16258,0.14017,0.21278,0.68205,0,1,0.73182,0.9446,0.61446,0.75463,0.59454,0.75713,0.6434,0.80735,0.60661
0.9,0.925,1,1.05,1.1,1.125,1.2,1.225,1.3,1.35,0.000104,7.4074e-05,9.2412e-05,6.5692e-05,8.0036e-05,6.3855e-05,7.7208e-05,6.2266e-05,7.8666e-05,6.0833e-05,0.28125,0.28906,0.3125,0.32813,0.34375,0.35156,0.375,0.38281,0.40625,0.42188,0.9,0.025,0.075,0.05,0.05,0.025,0.075,0.025,0.075,0.05,1.85,0.000104,2.9928e-05,2.672e-05,1.6181e-05,1.4942e-05,1.7833e-05,1.6401e-05,1.3353e-05,1.4345e-05,1.8338e-05,5.7802e-05,0.28125,0.0078125,0.023438,0.015625,0.015625,0.0078125,0.023438,0.0078125,0.023438,0.015625,0.57813,0,2.9928e-05,1.8338e-05,2.672e-05,1.4345e-05,1.6181e-05,1.3353e-05,1.4942e-05,1.6401e-05,1.7833e-05,0,0.28777,0.25692,0.15559,0.14367,0.17147,0.15769,0.12839,0.13793,0.17633,0.55578,0,1,0.71223,0.88856,0.63164,0.76956,0.61398,0.74237,0.5987,0.75639,0.58493
1.1,1.15,1.2,1.225,1.3,1.35,1.4,1.425,1.5,1.525,8.7547e-05,6.3424e-05,7.3254e-05,5.8205e-05,6.406e-05,5.1348e-05,5.5003e-05,4.9424e-05,6.4275e-05,5.2972e-05,0.40741,0.42593,0.44444,0.4537,0.48148,0.5,0.51852,0.52778,0.55556,0.56481,1.1,0.05,0.05,0.025,0.075,0.05,0.05,0.025,0.075,0.025,1.175,8.7547e-05,2.4123e-05,1.5048e-05,1.2712e-05,5.5795e-06,1.1303e-05,1.4851e-05,3.6553e-06,5.8551e-06,9.8294e-06,5.0025e-05,0.40741,0.018519,0.018519,0.0092593,0.027778,0.018519,0.018519,0.0092593,0.027778,0.0092593,0.43519,0,2.4123e-05,9.8294e-06,1.5048e-05,5.8551e-06,1.2712e-05,3.6553e-06,5.5795e-06,1.4851e-05,1.1303e-05,0,0.27554,0.17189,0.14521,0.063731,0.12911,0.16964,0.041752,0.06688,0.11228,0.57141,0,1,0.72446,0.83674,0.66485,0.73173,0.58652,0.62827,0.56454,0.73418,0.60507
1.7,1.725,1.8,1.825,1.9,1.975,2,2.025,2.1,2.125,9.2209e-05,6.6205e-05,8.6892e-05,6.3062e-05,7.0739e-05,4.6563e-05,5.0133e-05,4.7147e-05,5.8641e-05,5.1434e-05,0.47222,0.47917,0.5,0.50694,0.52778,0.54861,0.55556,0.5625,0.58333,0.59028,1.7,0.025,0.075,0.025,0.075,0.075,0.025,0.025,0.075,0.025,1.475,9.2209e-05,2.6004e-05,2.383e-05,2.4176e-05,2.986e-06,7.207e-06,1.1495e-05,3.5695e-06,7.6771e-06,2.0687e-05,5.4446e-05,0.47222,0.0069444,0.020833,0.0069444,0.020833,0.020833,0.0069444,0.0069444,0.020833,0.0069444,0.40972,0,2.6004e-05,2.0687e-05,2.383e-05,7.6771e-06,2.4176e-05,3.5695e-06,2.986e-06,1.1495e-05,7.207e-06,0,0.28201,0.25843,0.26218,0.032383,0.07816,0.12466,0.038711,0.083258,0.22435,0.59047,0,1,0.71799,0.94234,0.6839,0.76716,0.50498,0.54369,0.5113,0.63596,0.5578
1.4,1.425,1.5,1.525,1.6,1.65,1.7,1.75,1.8,1.825,8.7521e-05,6.6394e-05,8.0961e-05,6.0777e-05,6.556e-05,5.1039e-05,5.334e-05,4.6735e-05,5.6889e-05,5.3089e-05,0.45161,0.45968,0.48387,0.49194,0.51613,0.53226,0.54839,0.56452,0.58065,0.58871,1.4,0.025,0.075,0.025,0.075,0.05,0.05,0.05,0.05,0.025,1.275,8.7521e-05,2.1127e-05,2.0185e-05,1.4521e-05,6.6047e-06,3.8e-06,1.0154e-05,2.3008e-06,4.7832e-06,1.4567e-05,4.4853e-05,0.45161,0.0080645,0.024194,0.0080645,0.024194,0.016129,0.016129,0.016129,0.016129,0.0080645,0.41129,0,2.1127e-05,1.4567e-05,2.0185e-05,4.7832e-06,1.4521e-05,2.3008e-06,6.6047e-06,1.0154e-05,3.8e-06,0,0.24139,0.23063,0.16591,0.075464,0.043419,0.11601,0.026288,0.054653,0.16644,0.51249,0,1,0.75861,0.92505,0.69443,0.74908,0.58317,0.60946,0.53399,0.65001,0.60659
1,1.05,1.1,1.125,1.2,1.225,1.275,1.35,1.4,1.425,8.3921e-05,5.7856e-05,6.7641e-05,5.0101e-05,5.5694e-05,4.5365e-05,4.7005e-05,3.8708e-05,4.4219e-05,4.0277e-05,0.34483,0.36207,0.37931,0.38793,0.41379,0.42241,0.43966,0.46552,0.48276,0.49138,1,0.05,0.05,0.025,0.075,0.025,0.05,0.075,0.05,0.025,1.475,8.3921e-05,2.6064e-05,1.754e-05,1.0329e-05,8.2968e-06,3.9422e-06,5.511e-06,1.6397e-06,5.5924e-06,9.7847e-06,3.6792e-05,0.34483,0.017241,0.017241,0.0086207,0.025862,0.0086207,0.017241,0.025862,0.017241,0.0086207,0.50862,0,2.6064e-05,9.7847e-06,1.754e-05,5.5924e-06,1.0329e-05,1.6397e-06,8.2968e-06,5.511e-06,3.9422e-06,0,0.31058,0.209,0.12308,0.098865,0.046976,0.06567,0.019539,0.066639,0.1166,0.43841,0,1,0.68942,0.80601,0.59701,0.66365,0.54057,0.56011,0.46124,0.52691,0.47994
1.5,1.65,1.7,1.775,1.8,1.825,1.9,1.925,1.95,2.025,6.1473e-05,3.469e-05,4.6072e-05,3.4582e-05,3.5032e-05,3.4039e-05,3.4704e-05,3.3807e-05,3.4582e-05,2.8343e-05,0.48387,0.53226,0.54839,0.57258,0.58065,0.58871,0.6129,0.62097,0.62903,0.65323,1.5,0.15,0.05,0.075,0.025,0.025,0.075,0.025,0.025,0.075,1.075,6.1473e-05,2.6783e-05,1.149e-05,9.9233e-07,8.9717e-07,6.2388e-06,7.7463e-07,6.6493e-07,4.5016e-07,1.1382e-05,3.2285e-05,0.48387,0.048387,0.016129,0.024194,0.0080645,0.0080645,0.024194,0.0080645,0.0080645,0.024194,0.34677,0,2.6783e-05,1.1382e-05,1.149e-05,4.5016e-07,9.9233e-07,6.6493e-07,8.9717e-07,7.7463e-07,6.2388e-06,0,0.43568,0.18691,0.016143,0.014595,0.10149,0.012601,0.010817,0.0073229,0.18515,0.52519,0,1,0.56432,0.74947,0.56255,0.56988,0.55373,0.56455,0.54996,0.56256,0.46107
0.5,0.55,0.6,0.625,0.65,0.725,0.8,0.825,0.9,0.925,7.7384e-05,5.1645e-05,6.8217e-05,5.3161e-05,5.38e-05,4.322e-05,5.1258e-05,4.3962e-05,5.0699e-05,4.2518e-05,0.17241,0.18966,0.2069,0.21552,0.22414,0.25,0.27586,0.28448,0.31034,0.31897,0.5,0.05,0.05,0.025,0.025,0.075,0.075,0.025,0.075,0.025,1.975,7.7384e-05,2.574e-05,1.5056e-05,1.058e-05,7.2961e-06,8.1807e-06,6.7369e-06,8.038e-06,6.3904e-07,1.6572e-05,4.8071e-05,0.17241,0.017241,0.017241,0.0086207,0.0086207,0.025862,0.025862,0.0086207,0.025862,0.0086207,0.68103,0,2.574e-05,1.6572e-05,1.5056e-05,6.3904e-07,1.058e-05,8.038e-06,7.2961e-06,6.7369e-06,8.1807e-06,0,0.33262,0.19456,0.13673,0.094284,0.10571,0.087058,0.10387,0.008258,0.21416,0.62119,0,1,0.66738,0.88154,0.68698,0.69523,0.55851,0.66238,0.5681,0.65515,0.54944
0.6,0.625,0.7,0.75,0.8,0.825,0.9,0.95,1,1.05,9.8338e-05,7.2836e-05,8.5897e-05,5.9685e-05,6.4878e-05,5.594e-05,8.3593e-05,5.7267e-05,6.372e-05,4.7618e-05,0.17143,0.17857,0.2,0.21429,0.22857,0.23571,0.25714,0.27143,0.28571,0.3,0.6,0.025,0.075,0.05,0.05,0.025,0.075,0.05,0.05,0.05,2.45,9.8338e-05,2.5502e-05,2.6212e-05,8.9378e-06,2.6326e-05,1.6102e-05,6.4528e-06,2.7653e-05,5.1931e-06,1.3061e-05,5.0211e-05,0.17143,0.0071429,0.021429,0.014286,0.014286,0.0071429,0.021429,0.014286,0.014286,0.014286,0.7,0,2.5502e-05,1.3061e-05,2.6212e-05,5.1931e-06,8.9378e-06,2.7653e-05,2.6326e-05,6.4528e-06,1.6102e-05,0,0.25933,0.26655,0.090889,0.26771,0.16374,0.065619,0.28121,0.052809,0.13282,0.5106,0,1,0.74067,0.87349,0.60693,0.65974,0.56885,0.85006,0.58235,0.64797,0.48423
0.6,0.65,0.7,0.725,0.8,0.825,0.9,0.925,1,1.025,9.289e-05,6.0569e-05,6.8178e-05,5.8288e-05,7.556e-05,5.878e-05,6.4161e-05,5.3158e-05,6.311e-05,5.4344e-05,0.22222,0.24074,0.25926,0.26852,0.2963,0.30556,0.33333,0.34259,0.37037,0.37963,0.6,0.05,0.05,0.025,0.075,0.025,0.075,0.025,0.075,0.025,1.675,9.289e-05,3.2321e-05,9.8901e-06,1.678e-05,1.1003e-05,8.7656e-06,9.9514e-06,5.381e-06,1.7272e-05,7.6089e-06,4.3867e-05,0.22222,0.018519,0.018519,0.0092593,0.027778,0.0092593,0.027778,0.0092593,0.027778,0.0092593,0.62037,0,3.2321e-05,7.6089e-06,9.8901e-06,1.7272e-05,1.678e-05,5.381e-06,1.1003e-05,9.9514e-06,8.7656e-06,0,0.34795,0.10647,0.18064,0.11845,0.094366,0.10713,0.057929,0.18594,0.081913,0.47225,0,1,0.65205,0.73396,0.62749,0.81344,0.63279,0.69072,0.57227,0.6794,0.58504
0.5,0.525,0.6,0.65,0.7,0.725,0.8,0.825,0.9,0.925,6.4419e-05,5.3172e-05,6.4e-05,4.4476e-05,5.4204e-05,4.9049e-05,6.0996e-05,4.5885e-05,4.9251e-05,4.1035e-05,0.16667,0.175,0.2,0.21667,0.23333,0.24167,0.26667,0.275,0.3,0.30833,0.5,0.025,0.075,0.05,0.05,0.025,0.075,0.025,0.075,0.025,2.075,6.4419e-05,1.1247e-05,1.9524e-05,5.1555e-06,1.5111e-05,8.2163e-06,3.3669e-06,1.1947e-05,9.7283e-06,1.0828e-05,5.0111e-05,0.16667,0.0083333,0.025,0.016667,0.016667,0.0083333,0.025,0.0083333,0.025,0.0083333,0.69167,0,1.1247e-05,1.0828e-05,1.9524e-05,9.7283e-06,5.1555e-06,1.1947e-05,1.5111e-05,3.3669e-06,8.2163e-06,0,0.1746,0.30308,0.08003,0.23458,0.12754,0.052266,0.18546,0.15101,0.16809,0.77788,0,1,0.8254,0.99349,0.69042,0.84143,0.7614,0.94686,0.71228,0.76455,0.637
0.5,0.625,0.7,0.775,0.8,0.825,0.9,0.925,1,1.025,0.0001226,5.6307e-05,7.2431e-05,5.0097e-05,5.1936e-05,4.8481e-05,5.2404e-05,4.9042e-05,5.4139e-05,4.7274e-05,0.17857,0.22321,0.25,0.27679,0.28571,0.29464,0.32143,0.33036,0.35714,0.36607,0.5,0.125,0.075,0.075,0.025,0.025,0.075,0.025,0.075,0.025,1.775,0.0001226,6.6298e-05,2.2334e-05,3.455e-06,3.362e-06,6.8648e-06,5.0972e-06,3.9226e-06,1.8393e-06,1.6124e-05,6.6578e-05,0.17857,0.044643,0.026786,0.026786,0.0089286,0.0089286,0.026786,0.0089286,0.026786,0.0089286,0.63393,0,6.6298e-05,1.6124e-05,2.2334e-05,1.8393e-06,3.455e-06,3.9226e-06,3.362e-06,5.0972e-06,6.8648e-06,0,0.54074,0.18216,0.02818,0.027421,0.055991,0.041574,0.031994,0.015002,0.13151,0.54303,0,1,0.45926,0.59077,0.4086,0.42361,0.39543,0.42742,0.4,0.44157,0.38558
0.8,0.925,1,1.025,1.1,1.125,1.2,1.225,1.3,1.35,0.00017116,6.9584e-05,9.6531e-05,8.2124e-05,8.7625e-05,7.492e-05,7.6625e-05,6.8907e-05,7.6965e-05,6.8695e-05,0.25,0.28906,0.3125,0.32031,0.34375,0.35156,0.375,0.38281,0.40625,0.42188,0.8,0.125,0.075,0.025,0.075,0.025,0.075,0.025,0.075,0.05,1.85,0.00017116,0.00010158,1.4407e-05,1.2705e-05,7.7176e-06,8.2698e-06,8.0581e-06,1.7044e-06,5.5012e-06,2.6947e-05,6.8004e-05,0.25,0.039063,0.023438,0.0078125,0.023438,0.0078125,0.023438,0.0078125,0.023438,0.015625,0.57813,0,0.00010158,2.6947e-05,1.4407e-05,5.5012e-06,1.2705e-05,1.7044e-06,7.7176e-06,8.0581e-06,8.2698e-06,0,0.59347,0.08417,0.074225,0.045089,0.048315,0.047078,0.0099577,0.03214,0.15743,0.3973,0,1,0.40653,0.56396,0.47979,0.51193,0.43771,0.44767,0.40258,0.44966,0.40134
0.5,0.575,0.6,0.65,0.7,0.725,0.775,0.825,0.9,0.925,0.00026247,8.2166e-05,8.8584e-05,7.1962e-05,7.5056e-05,6.8763e-05,7.4039e-05,6.4744e-05,6.6504e-05,6.466e-05,0.18519,0.21296,0.22222,0.24074,0.25926,0.26852,0.28704,0.30556,0.33333,0.34259,0.5,0.075,0.025,0.05,0.05,0.025,0.05,0.05,0.075,0.025,1.775,0.00026247,0.0001803,1.6622e-05,6.2925e-06,9.2949e-06,1.8438e-06,1.7599e-06,5.2758e-06,3.094e-06,6.4176e-06,8.0674e-05,0.18519,0.027778,0.0092593,0.018519,0.018519,0.0092593,0.018519,0.018519,0.027778,0.0092593,0.65741,0,0.0001803,6.4176e-06,1.6622e-05,3.094e-06,6.2925e-06,5.2758e-06,9.2949e-06,1.7599e-06,1.8438e-06,0,0.68695,0.06333,0.023974,0.035414,0.0070247,0.0067052,0.020101,0.011788,0.024451,0.30737,0,1,0.31305,0.3375,0.27417,0.28596,0.26199,0.28209,0.24668,0.25338,0.24636
1.4,1.525,1.6,1.625,1.675,1.725,1.8,1.825,1.875,1.925,9.8719e-05,8.1229e-05,8.629e-05,8.1358e-05,8.2126e-05,7.8894e-05,9.0886e-05,8.7125e-05,9.0772e-05,8.0526e-05,0.45161,0.49194,0.51613,0.52419,0.54032,0.55645,0.58065,0.58871,0.60484,0.62097,1.4,0.125,0.075,0.025,0.05,0.05,0.075,0.025,0.05,0.05,1.175,9.8719e-05,1.749e-05,4.9316e-06,3.2326e-06,3.7609e-06,1.0246e-05,3.6464e-06,1.1993e-05,7.6819e-07,5.0606e-06,0.00010982,0.45161,0.040323,0.024194,0.0080645,0.016129,0.016129,0.024194,0.0080645,0.016129,0.016129,0.37903,0,1.749e-05,5.0606e-06,4.9316e-06,7.6819e-07,3.2326e-06,1.1993e-05,3.7609e-06,3.6464e-06,1.0246e-05,0,0.17717,0.049956,0.032745,0.038097,0.10379,0.036937,0.12148,0.0077816,0.051263,1.1125,0,1,0.82283,0.87409,0.82414,0.83192,0.79917,0.92066,0.88256,0.9195,0.81571
0.8,0.85,0.9,0.95,1,1.05,1.1,1.125,1.2,1.225,0.0001322,0.00011455,0.00012242,0.00011109,0.00011797,0.00011181,0.00011374,0.00011135,0.00011947,0.00011405,0.23704,0.25185,0.26667,0.28148,0.2963,0.31111,0.32593,0.33333,0.35556,0.36296,0.8,0.05,0.05,0.05,0.05,0.05,0.05,0.025,0.075,0.025,2.15,0.0001322,1.7658e-05,1.1328e-05,6.162e-06,2.3883e-06,5.4277e-06,8.1244e-06,1.932e-06,6.8758e-06,7.8752e-06,3.541e-05,0.23704,0.014815,0.014815,0.014815,0.014815,0.014815,0.014815,0.0074074,0.022222,0.0074074,0.63704,0,1.7658e-05,7.8752e-06,1.1328e-05,6.8758e-06,6.162e-06,1.932e-06,2.3883e-06,8.1244e-06,5.4277e-06,0,0.13357,0.085689,0.04661,0.018065,0.041056,0.061453,0.014614,0.052009,0.059568,0.26785,0,1,0.86643,0.926,0.84031,0.89232,0.84571,0.86033,0.84226,0.90371,0.86266
0.2,0.325,0.375,0.425,0.5,0.55,0.6,0.675,0.7,0.725,0.00016454,8.0785e-05,8.7027e-05,8.1982e-05,0.00010148,8.5739e-05,9.6596e-05,8.1926e-05,8.2819e-05,8.1369e-05,0.068966,0.11207,0.12931,0.14655,0.17241,0.18966,0.2069,0.23276,0.24138,0.25,0.2,0.125,0.05,0.05,0.075,0.05,0.05,0.075,0.025,0.025,2.175,0.00016454,8.3753e-05,5.045e-06,1.5738e-05,1.467e-05,1.4502e-06,8.9308e-07,1.0857e-05,1.9495e-05,6.2423e-06,5.0076e-05,0.068966,0.043103,0.017241,0.017241,0.025862,0.017241,0.017241,0.025862,0.0086207,0.0086207,0.75,0,8.3753e-05,6.2423e-06,5.045e-06,1.9495e-05,1.5738e-05,1.0857e-05,1.467e-05,8.9308e-07,1.4502e-06,0,0.50902,0.030661,0.095649,0.089159,0.008814,0.0054278,0.065984,0.11848,0.037938,0.30434,0,1,0.49098,0.52892,0.49826,0.61674,0.52109,0.58707,0.49792,0.50334,0.49453
0.9,1.025,1.1,1.125,1.15,1.225,1.275,1.375,1.5,1.525,0.00017822,5.8046e-05,6.6001e-05,5.576e-05,5.58e-05,4.816e-05,5.191e-05,4.2158e-05,5.7223e-05,5.2682e-05,0.27273,0.31061,0.33333,0.34091,0.34848,0.37121,0.38636,0.41667,0.45455,0.46212,0.9,0.125,0.075,0.025,0.025,0.075,0.05,0.1,0.125,0.025,1.775,0.00017822,0.00012017,1.0242e-05,7.6402e-06,9.7524e-06,4.5407e-06,1.5065e-05,3.7502e-06,4.0636e-08,7.9555e-06,4.1911e-05,0.27273,0.037879,0.022727,0.0075758,0.0075758,0.022727,0.015152,0.030303,0.037879,0.0075758,0.53788,0,0.00012017,7.9555e-06,1.0242e-05,4.0636e-08,7.6402e-06,3.7502e-06,9.7524e-06,1.5065e-05,4.5407e-06,0,0.6743,0.057468,0.04287,0.054722,0.025478,0.084533,0.021043,0.00022802,0.044639,0.23517,0,1,0.3257,0.37034,0.31287,0.3131,0.27023,0.29127,0.23655,0.32109,0.29561
1,1.025,1.1,1.125,1.2,1.25,1.3,1.375,1.45,1.525,8.1837e-05,5.9432e-05,7.4342e-05,5.572e-05,6.4964e-05,4.3879e-05,6.4878e-05,3.7235e-05,4.6753e-05,4.0008e-05,0.3125,0.32031,0.34375,0.35156,0.375,0.39063,0.40625,0.42969,0.45313,0.47656,1,0.025,0.075,0.025,0.075,0.05,0.05,0.075,0.075,0.075,1.675,8.1837e-05,2.2405e-05,1.8622e-05,2.1085e-05,2.7643e-05,6.7454e-06,9.5183e-06,2.0999e-05,9.2434e-06,1.491e-05,4.2808e-05,0.3125,0.0078125,0.023438,0.0078125,0.023438,0.015625,0.015625,0.023438,0.023438,0.023438,0.52344,0,2.2405e-05,1.491e-05,1.8622e-05,9.2434e-06,2.1085e-05,2.0999e-05,2.7643e-05,9.5183e-06,6.7454e-06,0,0.27377,0.22755,0.25765,0.33778,0.082425,0.11631,0.25659,0.11295,0.18219,0.52308,0,1,0.72623,0.90842,0.68087,0.79382,0.53617,0.79277,0.45499,0.5713,0.48887
1.5,1.525,1.575,1.65,1.7,1.775,1.8,1.825,1.9,1.925,7.0576e-05,5.7267e-05,6.5553e-05,4.7729e-05,5.9139e-05,4.2813e-05,4.2992e-05,4.2382e-05,4.7719e-05,4.4111e-05,0.5,0.50833,0.525,0.55,0.56667,0.59167,0.6,0.60833,0.63333,0.64167,1.5,0.025,0.05,0.075,0.05,0.075,0.025,0.025,0.075,0.025,1.075,7.0576e-05,1.3309e-05,1.7824e-05,1.6326e-05,6.0971e-07,3.6084e-06,5.3374e-06,1.786e-07,1.141e-05,8.2855e-06,5.7498e-05,0.5,0.0083333,0.016667,0.025,0.016667,0.025,0.0083333,0.0083333,0.025,0.0083333,0.35833,0,1.3309e-05,8.2855e-06,1.7824e-05,1.141e-05,1.6326e-05,1.786e-07,6.0971e-07,5.3374e-06,3.6084e-06,0,0.18857,0.25254,0.23132,0.008639,0.051128,0.075626,0.0025306,0.16167,0.1174,0.81469,0,1,0.81143,0.92882,0.67628,0.83795,0.60662,0.60915,0.60051,0.67614,0.62501
1.2,1.25,1.3,1.35,1.4,1.425,1.5,1.525,1.6,1.65,9.4147e-05,7.0149e-05,7.5407e-05,5.7677e-05,6.6894e-05,6.0839e-05,6.641e-05,6.2588e-05,8.6389e-05,6.6555e-05,0.35294,0.36765,0.38235,0.39706,0.41176,0.41912,0.44118,0.44853,0.47059,0.48529,1.2,0.05,0.05,0.05,0.05,0.025,0.075,0.025,0.075,0.05,1.75,9.4147e-05,2.3998e-05,1.773e-05,6.0551e-06,3.8223e-06,1.9834e-05,2.3802e-05,5.5706e-06,9.2173e-06,5.2577e-06,7.346e-05,0.35294,0.014706,0.014706,0.014706,0.014706,0.0073529,0.022059,0.0073529,0.022059,0.014706,0.51471,0,2.3998e-05,5.2577e-06,1.773e-05,9.2173e-06,6.0551e-06,5.5706e-06,3.8223e-06,2.3802e-05,1.9834e-05,0,0.2549,0.18832,0.064316,0.040599,0.21068,0.25281,0.059169,0.097903,0.055846,0.78027,0,1,0.7451,0.80095,0.61263,0.71053,0.64621,0.70538,0.66478,0.9176,0.70692
1.5,1.55,1.6,1.7,1.8,1.85,1.9,1.95,2,2.025,9.6592e-05,6.7147e-05,7.0774e-05,6.0604e-05,8.7773e-05,6.6024e-05,7.6877e-05,6.3977e-05,7.0486e-05,6.6306e-05,0.53571,0.55357,0.57143,0.60714,0.64286,0.66071,0.67857,0.69643,0.71429,0.72321,1.5,0.05,0.05,0.1,0.1,0.05,0.05,0.05,0.05,0.025,0.775,9.6592e-05,2.9445e-05,1.017e-05,2.1749e-05,1.29e-05,4.1805e-06,6.5096e-06,1.0853e-05,2.7169e-05,3.6278e-06,6.3041e-05,0.53571,0.017857,0.017857,0.035714,0.035714,0.017857,0.017857,0.017857,0.017857,0.0089286,0.27679,0,2.9445e-05,3.6278e-06,1.017e-05,2.7169e-05,2.1749e-05,1.0853e-05,1.29e-05,6.5096e-06,4.1805e-06,0,0.30484,0.10529,0.22516,0.13356,0.04328,0.067393,0.11236,0.28128,0.037558,0.65266,0,1,0.69516,0.73272,0.62742,0.9087,0.68354,0.7959,0.66234,0.72973,0.68645
1.8,1.875,1.9,1.925,1.95,2.025,2.1,2.15,2.2,2.3,0.0001024,7.5919e-05,7.6236e-05,7.0156e-05,7.5059e-05,5.9874e-05,7.9611e-05,5.8722e-05,6.3123e-05,5.262e-05,0.51429,0.53571,0.54286,0.55,0.55714,0.57857,0.6,0.61429,0.62857,0.65714,1.8,0.075,0.025,0.025,0.025,0.075,0.075,0.05,0.05,0.1,1.2,0.0001024,2.6484e-05,6.08e-06,1.5185e-05,2.0888e-05,1.0503e-05,4.4003e-06,1.9737e-05,4.9028e-06,3.1677e-07,6.4573e-05,0.51429,0.021429,0.0071429,0.0071429,0.0071429,0.021429,0.021429,0.014286,0.014286,0.028571,0.34286,0,2.6484e-05,3.1677e-07,6.08e-06,4.9028e-06,1.5185e-05,1.9737e-05,2.0888e-05,4.4003e-06,1.0503e-05,0,0.25862,0.059374,0.14829,0.20398,0.10257,0.042971,0.19274,0.047878,0.0030934,0.63058,0,1,0.74138,0.74447,0.6851,0.73297,0.58469,0.77743,0.57344,0.61642,0.51385
